DRUH_JMENA,JMENO
ZENA,AALIYAH
ZENA,AAMU
ZENA,AARIFA
ZENA,AASE
ZENA,ABBIE
ZENA,ABBY
ZENA,ABBYGAIL
ZENA,ABENA
ZENA,ABIGAEL
ZENA,ABIGAIL
ZENA,ABISHAG
ZENA,ABÍŠAG
ZENA,ADA
ZENA,ADAEZE
ZENA,ADALIND
ZENA,ADARA
ZENA,ADEA
ZENA,ADEDOLA
ZENA,ADEDUNNI
ZENA,ADEL
ZENA,ADELA
ZENA,ADÉLA
ZENA,ADELAIDA
ZENA,ADELAIDE
ZENA,ADELE
ZENA,ADÉLE
ZENA,ADELHAIDA
ZENA,ADELHEID
ZENA,ADELHEIDA
ZENA,ADÉLIA
ZENA,ADELIN
ZENA,ADELINA
ZENA,ADELÍNA
ZENA,ADELINE
ZENA,ADELITA
ZENA,ADELL
ZENA,ADELLA
ZENA,ADELLE
ZENA,ADINA
ZENA,ADJO
ZENA,ADLEN
ZENA,ADLETA
ZENA,ADLÉTA
ZENA,ADMIRA
ZENA,ADOLFA
ZENA,ADOLFINA
ZENA,ADOLFÍNA
ZENA,ADRIANA
ZENA,ADRIÁNA
ZENA,ADRIANE
ZENA,ADRIANNA
ZENA,ADRIANNE
ZENA,ADRIELLA
ZENA,ADRIENA
ZENA,ADRIENNA
ZENA,ADRIENNE
ZENA,ADRIJANA
ZENA,ADRINE
ZENA,ADVA
ZENA,ADYELLAH
ZENA,AELITA
ZENA,AERIS
ZENA,AESHA
ZENA,AFRODITA
ZENA,AFRODITI
ZENA,AGAM
ZENA,AGATA
ZENA,AGÁTA
ZENA,AGATHA
ZENA,AGATHE
ZENA,AGLAIA
ZENA,AGLAJA
ZENA,AGNES
ZENA,ÁGNES
ZENA,AGNESA
ZENA,AGNEŠA
ZENA,AGNETA
ZENA,AGNIESZKA
ZENA,AGUSTINA
ZENA,AHUTI
ZENA,AIDA
ZENA,AIDAI
ZENA,AICHA
ZENA,AIKA
ZENA,AIKI
ZENA,AILA
ZENA,AILANA
ZENA,AILEEN
ZENA,AILIN
ZENA,AILYN
ZENA,AIMA
ZENA,AIMÉE
ZENA,AIMY
ZENA,AIOLA
ZENA,AISHA
ZENA,AISLINN
ZENA,AIŠA
ZENA,AITANA
ZENA,AIVA
ZENA,AIZA
ZENA,AIZHAN
ZENA,ÁJA
ZENA,AJANA
ZENA,AJDA
ZENA,AJGUL
ZENA,AJLA
ZENA,AJNA
ZENA,AJOONI
ZENA,AJŠA
ZENA,AKBOTA
ZENA,AKIRA
ZENA,AKRAM
ZENA,AKSANA
ZENA,ALA
ZENA,ALAINA
ZENA,ALANA
ZENA,ALANI
ZENA,ALASKA
ZENA,ALAYA
ZENA,ALBENA
ZENA,ALBERTA
ZENA,ALBERTINA
ZENA,ALBINA
ZENA,ALBÍNA
ZENA,ALCIONE
ZENA,ALEJANDRA
ZENA,ALEKSANDRA
ZENA,ALEN
ZENA,ALENA
ZENA,ALENKA
ZENA,ALESHA
ZENA,ALESIA
ZENA,ALESJA
ZENA,ALESSANDRA
ZENA,ALESSA
ZENA,ALESSIA
ZENA,ALEŠA
ZENA,ALEŠKA
ZENA,ALETTE
ZENA,ALEXANDERA
ZENA,ALEXANDRA
ZENA,ALEXANDRIA
ZENA,ALEXIA
ZENA,ALFIA
ZENA,ALFIJA
ZENA,ALFIYA
ZENA,ALFREDA
ZENA,ALFRÉDA
ZENA,ALIA
ZENA,ALIAKSANDRA
ZENA,ALICA
ZENA,ALICIA
ZENA,ALICJA
ZENA,ALIE
ZENA,ALIKI
ZENA,ALINA
ZENA,ALÍNA
ZENA,ALINE
ZENA,ALIONA
ZENA,ALISA
ZENA,ALISHA
ZENA,ALISIA
ZENA,ALISSA
ZENA,ALITA
ZENA,ALIYA
ZENA,ALIYAH
ZENA,ALIZA
ZENA,ALIZÉE
ZENA,ALJA
ZENA,ALJONA
ZENA,ALLA
ZENA,ALLICE
ZENA,ALMA
ZENA,ALMINA
ZENA,ALOISIA
ZENA,ALOISIE
ZENA,ALOJZIA
ZENA,ALONA
ZENA,ALUISA
ZENA,ALUNA
ZENA,ALVI
ZENA,ALVINA
ZENA,ALVÍNA
ZENA,ALYONA
ZENA,ALŽBETA
ZENA,ALŽBĚTA
ZENA,AMADEA
ZENA,AMAIA
ZENA,AMAIRA
ZENA,AMALEA
ZENA,AMALEE
ZENA,AMALI
ZENA,AMALIA
ZENA,AMÁLIA
ZENA,AMÁLIE
ZENA,AMALIJA
ZENA,AMALIYA
ZENA,AMÁLKA
ZENA,AMALY
ZENA,AMALYA
ZENA,AMÁNA
ZENA,AMANDA
ZENA,AMANI
ZENA,AMARA
ZENA,AMÁTA
ZENA,AMAYA
ZENA,AMAZONA
ZENA,AMBRA
ZENA,AMEL
ZENA,AMELA
ZENA,AMELI
ZENA,AMELIA
ZENA,AMÉLIA
ZENA,AMELIE
ZENA,AMÉLIE
ZENA,AMELIYA
ZENA,AMELLIE
ZENA,AMELY
ZENA,AMELYA
ZENA,AMEYA
ZENA,AMEYALI
ZENA,AMI
ZENA,AMIA
ZENA,AMILIA
ZENA,AMINA
ZENA,AMÍNA
ZENA,AMINAT
ZENA,AMINE
ZENA,AMIRA
ZENA,AMNA
ZENA,AMORA
ZENA,AMORIA
ZENA,AMRA
ZENA,AMY
ZENA,AŇA
ZENA,ANA MARIA
ZENA,ANABEL
ZENA,ANABELA
ZENA,ANABELL
ZENA,ANABELLA
ZENA,ANABELLE
ZENA,ANACAONA
ZENA,ANAHIT
ZENA,ANAIS
ZENA,ANAÍS
ZENA,ANAM
ZENA,ÁNANDA
ZENA,ANASHE
ZENA,ANASTASIA
ZENA,ANASTÁSIE
ZENA,ANASTASIIA
ZENA,ANASTASIJA
ZENA,ANASTASIYA
ZENA,ANASTÁZA
ZENA,ANASTAZIA
ZENA,ANASTÁZIA
ZENA,ANASTAZIE
ZENA,ANASTÁZIE
ZENA,ANAT
ZENA,ANATH
ZENA,ANAYA
ZENA,ANCA
ZENA,ANDA
ZENA,ANDELA
ZENA,ANDĚLA
ZENA,ANDĚLINA
ZENA,ANDĚLÍNA
ZENA,ANDĚLKA
ZENA,ANDRÉA
ZENA,ANDREEA
ZENA,ANDREIA
ZENA,ANDRESA
ZENA,ANDRIANA
ZENA,ANDRIJANA
ZENA,ANDRONIKI
ZENA,ANE
ZENA,ANEE
ZENA,ANELA
ZENA,ANELI
ZENA,ANESA
ZENA,ANET
ZENA,ANETA
ZENA,ANETT
ZENA,ANETTA
ZENA,ANETTE
ZENA,ANEŽKA
ZENA,ANFISA
ZENA,ANGELA
ZENA,ANGELICA
ZENA,ANGELIKA
ZENA,ANGELIKI
ZENA,ANGELINA
ZENA,ANGELÍNA
ZENA,ANGELIQUE
ZENA,ANGIE
ZENA,ANHELINA
ZENA,ANI
ZENA,ANICA
ZENA,ANIČKA
ZENA,ANIELA
ZENA,ANIKA
ZENA,ANIKÓ
ZENA,ANILAH
ZENA,ANINA
ZENA,ANISA
ZENA,ANISSA
ZENA,ANITA
ZENA,ANITTA
ZENA,ANIYA
ZENA,ANJA
ZENA,ANJALI
ZENA,ANKA
ZENA,ANN
ZENA,ANNA
ZENA,ANNABEL
ZENA,ANNABELA
ZENA,ANNABELL
ZENA,ANNABELLA
ZENA,ANNABELLE
ZENA,ANNABETH
ZENA,ANNAËLLE
ZENA,ANNA-GRÉTA
ZENA,ANNALIESA
ZENA,ANNALIESE
ZENA,ANNA-LUISA
ZENA,ANNAMARIA
ZENA,ANNAMÁRIA
ZENA,ANNAMARIE
ZENA,ANNASTASIA
ZENA,ANNE
ZENA,ANNELI
ZENA,ANNELIE
ZENA,ANNELIES
ZENA,ANNELIESA
ZENA,ANNELIESE
ZENA,ANNEMARI
ZENA,ANNE-MARI
ZENA,ANNEMARIE
ZENA,ANNEMARY
ZENA,ANNETA
ZENA,ANNETTA
ZENA,ANNETTE
ZENA,ANNI
ZENA,ANNIA
ZENA,ANNIE
ZENA,ANNIKA
ZENA,ANNITA
ZENA,ANNY
ZENA,ANOLI
ZENA,ANOUK
ZENA,ANSELMA
ZENA,ANTHEIA
ZENA,ANTIKA
ZENA,ANTINI
ZENA,ANTOANETA
ZENA,ANTOINETTE
ZENA,ANTONELLA
ZENA,ANTONIA
ZENA,ANTÓNIA
ZENA,ANTONIETTA
ZENA,ANTONINA
ZENA,ANTONÍNA
ZENA,ANTUANETTA
ZENA,ANTULA
ZENA,ANUJIN
ZENA,ANUŠE
ZENA,ANUŠKA
ZENA,ANY
ZENA,ANZHELIKA
ZENA,ANYA
ZENA,ANŽELA
ZENA,ANŽELIKA
ZENA,AŇA
ZENA,APOLENA
ZENA,APOLÉNA
ZENA,APOLONIA
ZENA,APOLÓNIA
ZENA,APOLONIE
ZENA,AQUA
ZENA,ARANA
ZENA,ARANKA
ZENA,ARAXI
ZENA,ARETE
ZENA,ARETI
ZENA,ARETHI
ZENA,AREVIK
ZENA,ARIA
ZENA,ARIADNA
ZENA,ARIADNI
ZENA,ARIANA
ZENA,ARIANE
ZENA,ARIANNA
ZENA,ARIELA
ZENA,ARIELLE
ZENA,ARIETTA
ZENA,ARIETTE
ZENA,ARIFA
ZENA,ARILA
ZENA,ARIN
ZENA,ARINA
ZENA,ARINYA
ZENA,ARION
ZENA,ARLEN
ZENA,ARLENA
ZENA,ARLET
ZENA,ARLETA
ZENA,ARLETTA
ZENA,ARLETTE
ZENA,ARMINA
ZENA,ARMÍNA
ZENA,ARMINE
ZENA,ARNA
ZENA,ARNOŠTA
ZENA,ARNOŠTKA
ZENA,ARONA
ZENA,ARTA
ZENA,ARTHURIA
ZENA,ARVEN
ZENA,ARWA
ZENA,ARWEN
ZENA,ARYA
ZENA,ARZU
ZENA,ASAMI
ZENA,ASAVELA
ZENA,ASEL
ZENA,ASEYE
ZENA,ASHLYNN
ZENA,ASIA
ZENA,ASILA
ZENA,ASIYA
ZENA,ASJA
ZENA,ASKA
ZENA,ASKJA
ZENA,ASMA
ZENA,ASMARA
ZENA,ASMIN
ZENA,ASNAKECH
ZENA,ASTRID
ZENA,ASTRIDA
ZENA,ASYA
ZENA,ATALIA
ZENA,ATANASIA
ZENA,ATHENA
ZENA,ATHÉNA
ZENA,ATHINA
ZENA,ATINA
ZENA,ATIYAH
ZENA,AUDREY
ZENA,AUGUSTA
ZENA,AUGUSTINA
ZENA,AUGUSTÍNA
ZENA,AUGUSTÝNA
ZENA,AURA
ZENA,AURALIA
ZENA,AURANE
ZENA,AURELIA
ZENA,AURÉLIA
ZENA,AURELIE
ZENA,AURÉLIE
ZENA,AURELINE
ZENA,AURELLIE
ZENA,AURIKA
ZENA,AURORA
ZENA,AVE
ZENA,AVELYNN
ZENA,AVIANA
ZENA,AVIGAIL
ZENA,AVISAG
ZENA,AVISAGA
ZENA,AVISHAG
ZENA,AVIŠAG
ZENA,AVITAL
ZENA,AVNI
ZENA,AWEN
ZENA,AYA
ZENA,AYAKA
ZENA,AYALA
ZENA,AYAN
ZENA,AYAT
ZENA,AYCAN
ZENA,AYELET
ZENA,AYESHA
ZENA,AYLA
ZENA,AYLEEN
ZENA,AYLIN
ZENA,AYRA
ZENA,AYSE
ZENA,AYSHA
ZENA,AYZA
ZENA,AZALEA
ZENA,AZALEE
ZENA,AZALIA
ZENA,AZIZA
ZENA,AZIZAH
ZENA,AZRA
ZENA,BABETA
ZENA,BABETTE
ZENA,BABY
ZENA,BAELI
ZENA,BAJA
ZENA,BALBÍNA
ZENA,BANI
ZENA,BÁRA
ZENA,BARAKA
ZENA,BARBARA
ZENA,BÄRBEL
ZENA,BARBIE
ZENA,BARBORA
ZENA,BAREAN
ZENA,BARUNKA
ZENA,BAYA
ZENA,BEA
ZENA,BEATA
ZENA,BEÁTA
ZENA,BEATE
ZENA,BEATHA
ZENA,BEATRICA
ZENA,BEATRICE
ZENA,BÉATRICE
ZENA,BEATRICIE
ZENA,BEATRIS
ZENA,BEATRIX
ZENA,BEATRIZ
ZENA,BEATTA
ZENA,BEC
ZENA,BECK
ZENA,BEDA
ZENA,BEDIA
ZENA,BEDŘICHA
ZENA,BEDŘIŠKA
ZENA,BELÉN
ZENA,BELINA
ZENA,BELINDA
ZENA,BELLA
ZENA,BELLATRIX
ZENA,BENEDETTA
ZENA,BENEDIKTA
ZENA,BENIKA
ZENA,BERENIKA
ZENA,BERENIKE
ZENA,BERENIKÉ
ZENA,BERIA
ZENA,BERIT
ZENA,BERITAN
ZENA,BERNADET
ZENA,BERNADETA
ZENA,BERNADETTA
ZENA,BERNADETTE
ZENA,BERNARDA
ZENA,BERNARDETA
ZENA,BERNARDINA
ZENA,BERNARDÍNA
ZENA,BERTA
ZENA,BERTHA
ZENA,BERTINA
ZENA,BETH
ZENA,BETHANY
ZENA,BETKA
ZENA,BETTINA
ZENA,BETTY
ZENA,BEX
ZENA,BĚLA
ZENA,BĚLENA
ZENA,BĚLOSLAVA
ZENA,BĚLUŠE
ZENA,BĚLUŠKA
ZENA,BĚTA
ZENA,BĚTUŠKA
ZENA,BIANA
ZENA,BIANCA
ZENA,BIANKA
ZENA,BIBA
ZENA,BIBI
ZENA,BIBIANA
ZENA,BIBIANNA
ZENA,BIBIÁNA
ZENA,BILJANA
ZENA,BILLIE
ZENA,BIRGIT
ZENA,BIRGITA
ZENA,BIRSEN
ZENA,BIRUTE
ZENA,BISERKA
ZENA,BISHARA
ZENA,BLAHOMILA
ZENA,BLAHOMÍRA
ZENA,BLAHOSLAVA
ZENA,BLANCA
ZENA,BLANKA
ZENA,BLAŽENA
ZENA,BLAŽENKA
ZENA,BOGUMILA
ZENA,BOGUMIŁA
ZENA,BOGUSLAWA
ZENA,BOGUSŁAWA
ZENA,BOHDANA
ZENA,BOHDANKA
ZENA,BOHUMILA
ZENA,BOHUMÍRA
ZENA,BOHUNA
ZENA,BOHUNKA
ZENA,BOHUSLAVA
ZENA,BOHUSLÁVKA
ZENA,BOHUŠE
ZENA,BOHUŠKA
ZENA,BOHUVĚRA
ZENA,BOJANA
ZENA,BOLESLAVA
ZENA,BOŇA
ZENA,BORISLAVA
ZENA,BORJANA
ZENA,BOŽENA
ZENA,BOŽENKA
ZENA,BRANISLAVA
ZENA,BRANKA
ZENA,BRANWEN
ZENA,BRENDA
ZENA,BRIA
ZENA,BRIANA
ZENA,BRIANAG
ZENA,BRIANAH
ZENA,BRIANNA
ZENA,BRIEZ
ZENA,BRIGIT
ZENA,BRIGITA
ZENA,BRIGITTA
ZENA,BRIGITTE
ZENA,BRISIA
ZENA,BRITA
ZENA,BROŇA
ZENA,BRONIA
ZENA,BRONISLAVA
ZENA,BRUNA
ZENA,BRUNHILDA
ZENA,BŘETISLAVA
ZENA,BUA
ZENA,BURJA
ZENA,CAITIR
ZENA,CAITLIN
ZENA,CALEDONIA
ZENA,CAMELIA
ZENA,CAMILA
ZENA,CAMILLA
ZENA,CANDICE
ZENA,CANSU
ZENA,CARIN
ZENA,CARINA
ZENA,CARINE
ZENA,CARINNE
ZENA,CARLEN
ZENA,CARLENE
ZENA,CARLOTTA
ZENA,CARMEN
ZENA,CARMIT
ZENA,CAROLA
ZENA,CAROLE
ZENA,CAROLIN
ZENA,CAROLINA
ZENA,CAROLINE
ZENA,CAROLYN
ZENA,CARRIE
ZENA,CARROL
ZENA,CASSANDRA
ZENA,CASTILLE
ZENA,CATALEYA
ZENA,CATALINA
ZENA,CATARINA
ZENA,CATERINA
ZENA,CATHARINA
ZENA,CATHERINE
ZENA,CATHY
ZENA,CATRINE
ZENA,CECILIA
ZENA,CECÍLIA
ZENA,CECILIE
ZENA,CECÍLIE
ZENA,CECYLIA
ZENA,CELESTINA
ZENA,CELESTÍNA
ZENA,CELESTÝNA
ZENA,CELINA
ZENA,CELINE
ZENA,CÉLINE
ZENA,CIARA
ZENA,CINDY
ZENA,CIPORA
ZENA,CIRI
ZENA,CIRILLA
ZENA,CITLALI
ZENA,CLARA
ZENA,CLARISSA
ZENA,CLAUDETTA
ZENA,CLAUDIA
ZENA,CLAUDIE
ZENA,CLEMENTINE
ZENA,CLÉMENTINE
ZENA,CLOE
ZENA,CLOÉ
ZENA,COCO
ZENA,COLETTE
ZENA,CONSOLATA
ZENA,CONSTANCE
ZENA,CONSTANZE
ZENA,CORA
ZENA,CORAL
ZENA,CORALIA
ZENA,CORDINE
ZENA,COREY
ZENA,CORINA
ZENA,CORINNE
ZENA,CORNELIA
ZENA,CORNÉLIE
ZENA,COSMA
ZENA,COSMINA
ZENA,CRISPINA
ZENA,CRISTIN
ZENA,CRISTINA
ZENA,CRISTINE
ZENA,CSILLA
ZENA,CTIRADA
ZENA,CVETA
ZENA,CYNTHIA
ZENA,CYNTHIE
ZENA,CYNTIE
ZENA,CYRILA
ZENA,CYRILKA
ZENA,CYRILLA
ZENA,CZESLAWA
ZENA,CZESŁAWA
ZENA,ČANDRIKA
ZENA,ČEŇKA
ZENA,ČESLAVA
ZENA,ČESTMÍRA
ZENA,DAFINA
ZENA,DAFNA
ZENA,DAFNÉ
ZENA,DAFNI
ZENA,DAGI
ZENA,DAGMAR
ZENA,DAGMARA
ZENA,DAHLIA
ZENA,DAIANA
ZENA,DAISY
ZENA,DAJA
ZENA,DÁJA
ZENA,DAJANA
ZENA,DAJÁNA
ZENA,DALENA
ZENA,DALIA
ZENA,DALIBORA
ZENA,DALIDA
ZENA,DALIE
ZENA,DALILA
ZENA,DALIMILA
ZENA,DALIT
ZENA,DALIYA
ZENA,DAMARIS
ZENA,DAMIANA
ZENA,DAMIÁNA
ZENA,DANA
ZENA,DAŇA
ZENA,DÁŇA
ZENA,DANAE
ZENA,DANAI
ZENA,DANEYA
ZENA,DANIA
ZENA,DANICA
ZENA,DANIČKA
ZENA,DANIELA
ZENA,DANIELLA
ZENA,DANIELLE
ZENA,DANIJELA
ZENA,DANIKA
ZENA,DANISLAVA
ZENA,DANIYA
ZENA,DANKA
ZENA,DANNA
ZENA,DANUŠ
ZENA,DANUŠA
ZENA,DANUŠE
ZENA,DANUŠKA
ZENA,DANUTA
ZENA,DANYA
ZENA,DANYAL
ZENA,DAPHNE
ZENA,DAREEN
ZENA,DARIA
ZENA,DÁRIA
ZENA,DARIANA
ZENA,DARIJA
ZENA,DARINA
ZENA,DARÍNA
ZENA,DARINKA
ZENA,DARIS
ZENA,DARJA
ZENA,DARKA
ZENA,DARUŠE
ZENA,DARYA
ZENA,DARYNA
ZENA,DASHA
ZENA,DASI
ZENA,DAŠA
ZENA,DÁŠA
ZENA,DAŠENA
ZENA,DAŠENKA
ZENA,DÁŠENKA
ZENA,DAVIDA
ZENA,DAYANE
ZENA,DEANA
ZENA,DEANNA
ZENA,DEB
ZENA,DEBBIE
ZENA,DEBORA
ZENA,DEBORAH
ZENA,DEEPIKA
ZENA,DEFNE
ZENA,DEINA
ZENA,DEJA
ZENA,DEJANA
ZENA,DELFI
ZENA,DELIA
ZENA,DELILA
ZENA,DELILAH
ZENA,DELL
ZENA,DELLA
ZENA,DEMI
ZENA,DENAÉ
ZENA,DENAIDA
ZENA,DENISA
ZENA,DENISE
ZENA,DENISSA
ZENA,DENISSE
ZENA,DERIA
ZENA,DESANKA
ZENA,DESIREE
ZENA,DÉSIRÉE
ZENA,DESISLAVA
ZENA,DESPINA
ZENA,DĚVANA
ZENA,DÉVÍ
ZENA,DEVIN
ZENA,DEVORAH
ZENA,DEXY
ZENA,DIA
ZENA,DIANA
ZENA,DIANE
ZENA,DIANNA
ZENA,DIDIANA
ZENA,DIEM
ZENA,DIJANA
ZENA,DILARA
ZENA,DILETTA
ZENA,DILYARA
ZENA,DIMITRA
ZENA,DIMITRINA
ZENA,DIMITRULA
ZENA,DINA
ZENA,DÍNA
ZENA,DINAH
ZENA,DINARA
ZENA,DIOR
ZENA,DIORA
ZENA,DIS
ZENA,DITA
ZENA,DITTA
ZENA,DIVIŠKA
ZENA,DIVYA
ZENA,DIWA
ZENA,DIYORA
ZENA,DJAMILA
ZENA,DOBRA
ZENA,DOBROMILA
ZENA,DOBROMÍRA
ZENA,DOBROMYSLA
ZENA,DOBROSLAVA
ZENA,DOBRUŠE
ZENA,DOBRUŠKA
ZENA,DOČKA
ZENA,DOLORES
ZENA,DOMENICA
ZENA,DOMINGA
ZENA,DOMINICA
ZENA,DOMINIKA
ZENA,DONATA
ZENA,DONATELA
ZENA,DONIKA
ZENA,DONKA
ZENA,DONNA
ZENA,DORA
ZENA,DOREEN
ZENA,DORIANA
ZENA,DORINA
ZENA,DORIS
ZENA,DORIT
ZENA,DORKA
ZENA,DOROTA
ZENA,DOROTEA
ZENA,DOROTHEA
ZENA,DOROTHY
ZENA,DOROTKA
ZENA,DOROTTA
ZENA,DOUBRAVA
ZENA,DOUBRAVKA
ZENA,DOUCE
ZENA,DRAGA
ZENA,DRAGANA
ZENA,DRAGICA
ZENA,DRAHA
ZENA,DRAHOMILA
ZENA,DRAHOMÍRA
ZENA,DRAHOSLAVA
ZENA,DRAHUŠA
ZENA,DRAHUŠE
ZENA,DRAHUŠKA
ZENA,DUA
ZENA,DUBJANKA
ZENA,DUBRAVKA
ZENA,DUCKY
ZENA,DUŇA
ZENA,DUNJA
ZENA,DURU
ZENA,DUŠANA
ZENA,DUŠANKA
ZENA,DUŠICA
ZENA,DVORA
ZENA,DVORAH
ZENA,DZIYANA
ZENA,DŽAMILA
ZENA,DŽUVAJRIJA
ZENA,EBRU
ZENA,ECATERINA
ZENA,ECE
ZENA,EDALYN
ZENA,EDELGARD
ZENA,EDELINE
ZENA,EDELTRAUD
ZENA,EDELTRAUDA
ZENA,EDELTRAUT
ZENA,EDELTRUD
ZENA,EDELTRUDA
ZENA,EDINA
ZENA,EDIT
ZENA,EDITA
ZENA,EDITH
ZENA,EDITHA
ZENA,EDNA
ZENA,EDUARDA
ZENA,EDYTA
ZENA,EEVA
ZENA,EFRAT
ZENA,EIDA
ZENA,EILA
ZENA,EILEE
ZENA,EILEEN
ZENA,EILIS
ZENA,EINAT
ZENA,EINAV
ZENA,EIRA
ZENA,EIREEN
ZENA,EIVA
ZENA,EIVOR
ZENA,EJ
ZENA,EJDA
ZENA,EKATERINA
ZENA,EKATERINI
ZENA,ELA
ZENA,ELAIN
ZENA,ELAINE
ZENA,ELANI
ZENA,ELAYA
ZENA,ELAYNA
ZENA,ELEA
ZENA,ELEAN
ZENA,ELEANA
ZENA,ELEANORA
ZENA,ELÉANORE
ZENA,ELEFTERIA
ZENA,ELEKTRA
ZENA,ELEN
ZENA,ELÉN
ZENA,ELENA
ZENA,ELENI
ZENA,ELENIE
ZENA,ELENKA
ZENA,ELENOIRE
ZENA,ELENOR
ZENA,ELEONOR
ZENA,ELEONORA
ZENA,ELEONÓRA
ZENA,ELFI
ZENA,ELFIRA
ZENA,ELFRIDA
ZENA,ELFRÍDA
ZENA,ELFRIEDA
ZENA,ELFRIEDE
ZENA,ELFRÝDA
ZENA,ELÍA
ZENA,ELIANA
ZENA,ELIANE
ZENA,ELIANNA
ZENA,ELIANORA
ZENA,ELIDA
ZENA,ELINA
ZENA,ELINE
ZENA,ELINOR
ZENA,ELIORA
ZENA,ELISABEL
ZENA,ELISABET
ZENA,ELISABETA
ZENA,ELISABETH
ZENA,ELISABETHA
ZENA,ELISABETTA
ZENA,ELISAVET
ZENA,ELISAVETA
ZENA,ELISE
ZENA,ELISHKA
ZENA,ELISIA
ZENA,ELISKA
ZENA,ELISSA
ZENA,ELIŠEVA
ZENA,ELIŠKA
ZENA,ELIYA
ZENA,ELIZABET
ZENA,ELIZABETA
ZENA,ELIZABETH
ZENA,ELIZAVETA
ZENA,ELKA
ZENA,ELL
ZENA,ELLANIE
ZENA,ELLA-ROSE
ZENA,ELLEANOR
ZENA,ELLENA
ZENA,ELLIA
ZENA,ELLIANA
ZENA,ELLIE
ZENA,ELLIN
ZENA,ELLINA
ZENA,ELLINOR
ZENA,ELLISA
ZENA,ELLISABETH
ZENA,ELLYN
ZENA,ELLYSIA
ZENA,ELMA
ZENA,ELNA
ZENA,ELMIRA
ZENA,ELODIE
ZENA,ELOISE
ZENA,ELONA
ZENA,ELORA
ZENA,ELORIE
ZENA,ELPIDA
ZENA,ELSA
ZENA,ELSIE
ZENA,EVLEZIA
ZENA,ELVINA
ZENA,ELVÍNA
ZENA,ELVIRA
ZENA,ELVÍRA
ZENA,ELYN
ZENA,ELYNE
ZENA,ELYRIA
ZENA,ELYSE
ZENA,ELZBIETA
ZENA,ELŻBIETA
ZENA,ELŽBIETA
ZENA,EMA
ZENA,EMANUELA
ZENA,EMARA
ZENA,EMBER
ZENA,EMELIE
ZENA,EMELY
ZENA,EMIKA
ZENA,EMILA
ZENA,EMILI
ZENA,EMILIA
ZENA,EMÍLIA
ZENA,EMILIANA
ZENA,EMILIE
ZENA,EMÍLIE
ZENA,ÉMILIE
ZENA,EMILIJA
ZENA,EMILIYA
ZENA,EMILLI
ZENA,EMILLY
ZENA,EMINA
ZENA,EMÍNA
ZENA,EMINE
ZENA,EMMA
ZENA,EMMELINE
ZENA,EMMY
ZENA,EMY
ZENA,ENA
ZENA,ENA-BEL
ZENA,ENCA
ZENA,ENGLISH
ZENA,ENI
ZENA,ENID
ZENA,ENISA
ZENA,ENKA
ZENA,ENKH-UJIN
ZENA,ENNA
ZENA,ENNI
ZENA,ENNIE
ZENA,ENNY
ZENA,ENOLA
ZENA,ENY
ZENA,ENYA
ZENA,EOWYN
ZENA,ÉOWYN
ZENA,EPONA
ZENA,ERI
ZENA,ERICA
ZENA,ERIKA
ZENA,ERINA
ZENA,ERLISA
ZENA,ERMOLIN
ZENA,ERNA
ZENA,ERNESTINA
ZENA,ERNESTÍNA
ZENA,ERNESTINE
ZENA,ERNESTÝNA
ZENA,ERONA
ZENA,ERVÍNA
ZENA,ERZSÉBET
ZENA,ERŽIKA
ZENA,ESCADA
ZENA,ESLINA
ZENA,ESMA
ZENA,ESMÉE
ZENA,ESMERALDA
ZENA,ESPERANZA
ZENA,ESSI
ZENA,ESSOWEDEOU
ZENA,ESTEL
ZENA,ESTELA
ZENA,ESTELL
ZENA,ESTELLA
ZENA,ESTELLE
ZENA,ESTER
ZENA,ESTERA
ZENA,ESTHER
ZENA,ESZTER
ZENA,ESZTI
ZENA,ETEL
ZENA,ETELA
ZENA,ETELKA
ZENA,ETERI
ZENA,ETHANY
ZENA,EUGENIA
ZENA,EUGÉNIA
ZENA,EUGENIE
ZENA,EULALIE
ZENA,EULÁLIE
ZENA,EUNIKA
ZENA,EURYDIKA
ZENA,EVA
ZENA,ÉVA
ZENA,EVANGELIA
ZENA,EVANTIA
ZENA,EVDOKIA
ZENA,EVDOXIA
ZENA,EVELIEN
ZENA,EVELINA
ZENA,EVELÍNA
ZENA,EVELINE
ZENA,EVELLYN
ZENA,EVELYNA
ZENA,EVELÝNA
ZENA,EVELYNE
ZENA,EVELYNNA
ZENA,EVELYNNE
ZENA,EVGENIA
ZENA,EVGENIE
ZENA,EVGENIJA
ZENA,EVGENIYA
ZENA,EVGHENIA
ZENA,EVI
ZENA,EVIANA
ZENA,EVOLET
ZENA,EVOLETTE
ZENA,EVIČKA
ZENA,EVITA
ZENA,EVŽA
ZENA,EVŽENA
ZENA,EVŽENIE
ZENA,EVŽENKA
ZENA,EWA
ZENA,EWELINA
ZENA,EYSAN
ZENA,EZMA
ZENA,FABIANA
ZENA,FABIÁNA
ZENA,FABIENNE
ZENA,FABIOLA
ZENA,FAEZA
ZENA,FALATKA
ZENA,FALKA
ZENA,FALINE
ZENA,FANI
ZENA,FANNY
ZENA,FANY
ZENA,FARAH
ZENA,FARAI
ZENA,FARIA
ZENA,FARIDA
ZENA,FATEN
ZENA,FATIMA
ZENA,FÁTIMA
ZENA,FATMA
ZENA,FATUMA
ZENA,FATY
ZENA,FAUNA
ZENA,FAUSTÝNA
ZENA,FAY
ZENA,FEDERICA
ZENA,FEDERIKA
ZENA,FEDORA
ZENA,FEI
ZENA,FELICIA
ZENA,FELICIE
ZENA,FELICITA
ZENA,FELICITAS
ZENA,FELIXA
ZENA,FENJA
ZENA,FERDA
ZENA,FERDINANDA
ZENA,FERNANDA
ZENA,FEY
ZENA,FIDELINA-ROSA
ZENA,FILIPA
ZENA,FILIPÍNA
ZENA,FILIPKA
ZENA,FILIPPA
ZENA,FILOMENA
ZENA,FILOMÉNA
ZENA,FIONA
ZENA,FIORELLA
ZENA,FIORENTINA
ZENA,FIRUZA
ZENA,FLAVIA
ZENA,FLEURVIE
ZENA,FLORA
ZENA,FLÓRA
ZENA,FLORENCIA
ZENA,FLORENTINA
ZENA,FLORENTÝNA
ZENA,FLORIANA
ZENA,FLORIÁNA
ZENA,FORTUNA
ZENA,FOTINI
ZENA,FRANCES
ZENA,FRANCESCA
ZENA,FRANCISCA
ZENA,FRANCISKA
ZENA,FRANKA
ZENA,FRANTIŠKA
ZENA,FRANZISKA
ZENA,FREDA
ZENA,FREDERIKA
ZENA,FREIDA
ZENA,FREIJA
ZENA,FREJA
ZENA,FREYA
ZENA,FREYJA
ZENA,FRIDA
ZENA,FRÍDA
ZENA,FRIDERIKA
ZENA,FRIEDA
ZENA,FUTUN
ZENA,GÁBINA
ZENA,GABRA
ZENA,GABRIELA
ZENA,GABRIELLA
ZENA,GABRIELLE
ZENA,GAIA
ZENA,GAIL
ZENA,GAJA
ZENA,GAJANE
ZENA,GALA
ZENA,GALAXY
ZENA,GALI
ZENA,GALIA
ZENA,GALINA
ZENA,GALIT
ZENA,GALJA
ZENA,GAMILAH
ZENA,GANKA
ZENA,GARIKA
ZENA,GAYA
ZENA,GAYANE
ZENA,GEFEN
ZENA,GEMMA
ZENA,GENESIS
ZENA,GENEVE
ZENA,GENEVIEVE
ZENA,GENNARA
ZENA,GENOVEFA
ZENA,GENOVEVA
ZENA,GENOVÉVA
ZENA,GENOWEFA
ZENA,GENTIANA
ZENA,GEORGETTE
ZENA,GEORGINA
ZENA,GEORGÍNA
ZENA,GERALDINA
ZENA,GERDA
ZENA,GERGANA
ZENA,GERLINDA
ZENA,GERLINDE
ZENA,GERTA
ZENA,GERTRAUD
ZENA,GERTRAUDA
ZENA,GERTRUD
ZENA,GERTRUDA
ZENA,GERTRÚDA
ZENA,GERTRUDE
ZENA,GIADA
ZENA,GIANG
ZENA,GIANNA
ZENA,GIA-SARAH
ZENA,GILDA
ZENA,GINA
ZENA,GINETTE
ZENA,GINEVRA
ZENA,GINIKA
ZENA,GIOIA
ZENA,GIORGIA
ZENA,GIOVANNA
ZENA,GISELA
ZENA,GISELLE
ZENA,GITA
ZENA,GITTA
ZENA,GIULIA
ZENA,GIULIANA
ZENA,GIZELA
ZENA,GIZELLA
ZENA,GLADYS
ZENA,GLORIA
ZENA,GLORIE
ZENA,GOHAR
ZENA,GOLDA
ZENA,GORANA
ZENA,GORDANA
ZENA,GRACE
ZENA,GRACIELA
ZENA,GRAZIELLA
ZENA,GRAZYNA
ZENA,GRAŻYNA
ZENA,GRAŹYNA
ZENA,GRAŽINA
ZENA,GRAŽYNA
ZENA,GRETA
ZENA,GRÉTA
ZENA,GRIZEL
ZENA,GUDRUN
ZENA,GÜLBEYAZ
ZENA,GULNARA
ZENA,GUSTA
ZENA,GUSTAVA
ZENA,GUTA
ZENA,GUZEL
ZENA,GVENDOLÍNA
ZENA,GWENDOLYN
ZENA,GYTA
ZENA,HADAS
ZENA,HAGIT
ZENA,HAIDI
ZENA,HAILEE
ZENA,HAILEY
ZENA,HAJNALKA
ZENA,HALA
ZENA,HALEY
ZENA,HALINA
ZENA,HALKA
ZENA,HALYNA
ZENA,HANA-LAURA
ZENA,HANAMI
ZENA,HANEEN
ZENA,HANELE
ZENA,HANELORA
ZENA,HANELORE
ZENA,HANG
ZENA,HANIČKA
ZENA,HANIM
ZENA,HANKA
ZENA,HANNA
ZENA,HANNAH
ZENA,HANNELORA
ZENA,HANNELORE
ZENA,HANUŠE
ZENA,HANUŠKA
ZENA,HANY
ZENA,HANYA
ZENA,HARIKA
ZENA,HARLOW
ZENA,HARMONY
ZENA,HARPER
ZENA,HARRIET
ZENA,HARUNA
ZENA,HASMIK
ZENA,HÁTA
ZENA,HATICE
ZENA,HAYA
ZENA,HAYLEE
ZENA,HAYLEY
ZENA,HAZEL
ZENA,HEDA
ZENA,HEDVA
ZENA,HEDVIGA
ZENA,HEDVIKA
ZENA,HEIDE
ZENA,HEIDELIES
ZENA,HEIDELINDE
ZENA,HEIDEMARIE
ZENA,HEIDI
ZENA,HEIDRUN
ZENA,HEL
ZENA,HELA
ZENA,HELEN
ZENA,HELENA
ZENA,HELENE
ZENA,HELENKA
ZENA,HELGA
ZENA,HELIN
ZENA,HELLA
ZENA,HELLENA
ZENA,HELMA
ZENA,HENDRIKA
ZENA,HENRIETA
ZENA,HENRIETTA
ZENA,HENRIETTE
ZENA,HENRIKA
ZENA,HENRYKA
ZENA,HERMA
ZENA,HERMENEGILDA
ZENA,HERMINA
ZENA,HERMÍNA
ZENA,HERMINE
ZENA,HERTA
ZENA,HERTHA
ZENA,HEŘMA
ZENA,HIEN
ZENA,HIKARI
ZENA,HILA
ZENA,HILDA
ZENA,HILDEGARD
ZENA,HILDEGARDA
ZENA,HILDEGARDE
ZENA,HILMA
ZENA,HIMARI
ZENA,HIND
ZENA,HOANG YEN
ZENA,HONEY
ZENA,HONG VAN
ZENA,HUBERTA
ZENA,HUONG
ZENA,HUYEN
ZENA,HVĚZDOSLAVA
ZENA,HYACINTA
ZENA,CHAMI
ZENA,CHANA
ZENA,CHANTELLE
ZENA,CHARIKLIA
ZENA,CHARLENE
ZENA,CHARLINE
ZENA,CHARLOTA
ZENA,CHARLOTT
ZENA,CHARLOTTA
ZENA,CHARLOTTE
ZENA,CHAVA
ZENA,CHENAYI
ZENA,CHEPKWEMOI
ZENA,CHEROP
ZENA,CHERRY
ZENA,CHERYL
ZENA,CHIAMANDA
ZENA,CHIARA
ZENA,CHINAZA
ZENA,CHLOE
ZENA,CHLOË
ZENA,CHIMDIMMA
ZENA,CHÖKYI
ZENA,CHRISANTI
ZENA,CHRISTA
ZENA,CHRISTABEL
ZENA,CHRISTIANA
ZENA,CHRISTIANE
ZENA,CHRISTIN
ZENA,CHRISTINA
ZENA,CHRISTINE
ZENA,CHRISTINE-MARIE
ZENA,CHRISTINNE
ZENA,CHRISTL
ZENA,CHRISTOFORA
ZENA,CHRISTOPHORA
ZENA,CHRISULA
ZENA,CHRYSTYNA
ZENA,IANA
ZENA,IANTHE
ZENA,IBOJA
ZENA,IBOLYA
ZENA,ICA
ZENA,IDABELLA
ZENA,IFUNANYA
ZENA,IGA
ZENA,IIRIS
ZENA,IL
ZENA,ILA
ZENA,ILANA
ZENA,ILARIA
ZENA,ILAY
ZENA,ILDIKO
ZENA,ILDIKÓ
ZENA,ILEANA
ZENA,ILENA
ZENA,ILGA
ZENA,ILIANA
ZENA,ILITHYIA
ZENA,ILJANA
ZENA,ILKA
ZENA,ILLARY
ZENA,ILLIYEEN
ZENA,ILLONA
ZENA,ILONA
ZENA,ILONKA
ZENA,ILSA
ZENA,ILSE
ZENA,ILUŠE
ZENA,IMAN
ZENA,IMANA
ZENA,IMELDA
ZENA,IMMACOLATA
ZENA,IMRA
ZENA,INA
ZENA,INNANA
ZENA,INAYAH
ZENA,INBAL
ZENA,INDIRA
ZENA,INÉS
ZENA,INESA
ZENA,INESS
ZENA,INESSA
ZENA,INEZ
ZENA,INÉZ
ZENA,INGA
ZENA,INGEBORG
ZENA,INGEBORGA
ZENA,INGEBURG
ZENA,INGRID
ZENA,INGRIDA
ZENA,INGRIT
ZENA,INKA
ZENA,INNA
ZENA,INNAYA
ZENA,INYENE
ZENA,IOANNA
ZENA,IRAIDA
ZENA,IRČA
ZENA,IRENA
ZENA,IRÉNA
ZENA,IRENE
ZENA,IRENEA
ZENA,IRENIE
ZENA,IRENKA
ZENA,IRIA
ZENA,IRIANNA
ZENA,IRINA
ZENA,IRINI
ZENA,IRIS
ZENA,IRIT
ZENA,IRMA
ZENA,IRMGARD
ZENA,IRMGARDA
ZENA,IRMTRAUD
ZENA,IRYNA
ZENA,ISABEL
ZENA,ISABELA
ZENA,ISABELL
ZENA,ISABELLA
ZENA,ISABELLE
ZENA,ISARA
ZENA,ISER
ZENA,ISHANI
ZENA,ISIDORA
ZENA,ISKRA
ZENA,ISLA
ZENA,ISOLDA
ZENA,ISOLDE
ZENA,ISORA
ZENA,ISRA
ZENA,ISTER
ZENA,ITA
ZENA,IULIA
ZENA,IULIANA
ZENA,IVANA
ZENA,IVANKA
ZENA,IVÁNKA
ZENA,IVANNA
ZENA,IVETA
ZENA,IVETTA
ZENA,IVETTE
ZENA,IVONA
ZENA,IVONKA
ZENA,IVONNA
ZENA,IVONNE
ZENA,IVUŠE
ZENA,IVUŠKA
ZENA,IVY
ZENA,IWETTA
ZENA,IWONA
ZENA,IZA
ZENA,IZABEL
ZENA,IZABELA
ZENA,IZABELL
ZENA,IZABELLA
ZENA,IZZA
ZENA,JACQUELINA
ZENA,JACQUELINE
ZENA,JADE
ZENA,JADRANA
ZENA,JADRANKA
ZENA,JADVIGA
ZENA,JADWIGA
ZENA,JADZIA
ZENA,JAIA
ZENA,JAMELIA
ZENA,JAMILA
ZENA,JANA
ZENA,JÁNA
ZENA,JANAI
ZENA,JANA-MARIA
ZENA,JANET
ZENA,JANETA
ZENA,JANETTA
ZENA,JANETTE
ZENA,JANIČKA
ZENA,JANIKA
ZENA,JANINA
ZENA,JANINE
ZENA,JANKA
ZENA,JANULA
ZENA,JANUŠE
ZENA,JAQUELINE
ZENA,JARIA
ZENA,JARKA
ZENA,JARMILA
ZENA,JARMILKA
ZENA,JAROMILA
ZENA,JAROMÍRA
ZENA,JAROSLAVA
ZENA,JARUŠE
ZENA,JARUŠKA
ZENA,JARYNA
ZENA,JASANA
ZENA,JASEMIN
ZENA,JASMIJN
ZENA,JASMÍN
ZENA,JASMINA
ZENA,JASMÍNA
ZENA,JASMINKA
ZENA,JASNA
ZENA,JASNĚNA
ZENA,JASNUŠE
ZENA,JASNUŠKA
ZENA,JAYDIN
ZENA,JAYLA
ZENA,JEANETA
ZENA,JEANETTA
ZENA,JEANETTE
ZENA,JEANNE
ZENA,JEANNE-MICHELE
ZENA,JEANNETTA
ZENA,JEANNETTE
ZENA,JEANNINE
ZENA,JEKATERINA
ZENA,JEKATĚRINA
ZENA,JELA
ZENA,JELENA
ZENA,JELENKA
ZENA,JELISAVETA
ZENA,JELIZAVETA
ZENA,JELYZAVETA
ZENA,JENA
ZENA,JENIČKA
ZENA,JENIFER
ZENA,JENIFFER
ZENA,JENKA
ZENA,JENNA
ZENA,JENNAH
ZENA,JENNIFER
ZENA,JENNY
ZENA,JENNYFER
ZENA,JENOVEFA
ZENA,JENOVÉFA
ZENA,JENY
ZENA,JERA
ZENA,JESICA
ZENA,JESIKA
ZENA,JESS
ZENA,JESSICA
ZENA,JESSIKA
ZENA,JEVGENIJA
ZENA,JEVHENIJA
ZENA,JEZREEL
ZENA,JILIAN
ZENA,JINDA
ZENA,JINDŘICHA
ZENA,JINDŘIŠKA
ZENA,JIŘINA
ZENA,JIŘINKA
ZENA,JITKA
ZENA,JITŘENA
ZENA,JITŘENKA
ZENA,JITUŠKA
ZENA,JOANA
ZENA,JOANNA
ZENA,JOHANA
ZENA,JOHANKA
ZENA,JOHANNA
ZENA,JOHARI
ZENA,JOLA
ZENA,JOLANA
ZENA,JOLANDA
ZENA,JOLANKA
ZENA,JOLANTA
ZENA,JOLENE
ZENA,JÓNA
ZENA,JONNA
ZENA,JORA
ZENA,JORDANA
ZENA,JORDANKA
ZENA,JORDYN
ZENA,JORGA
ZENA,JORIKA
ZENA,JOSEFA
ZENA,JOSEFINA
ZENA,JOSEFÍNA
ZENA,JOSEFINE
ZENA,JOSEFKA
ZENA,JOSELYNN
ZENA,JOSEPHINE
ZENA,JOSÉPHINE
ZENA,JOSIANE
ZENA,JOSIFKA
ZENA,JOVANA
ZENA,JOVANKA
ZENA,JOY
ZENA,JOZEFA
ZENA,JÓZEFA
ZENA,JOZEFINA
ZENA,JOZEFÍNA
ZENA,JUANA
ZENA,JUANITA
ZENA,JUDIT
ZENA,JUDITA
ZENA,JUKARI
ZENA,JUDITH
ZENA,JUDITHA
ZENA,JUDY
ZENA,JUDYTA
ZENA,JULE
ZENA,JULI
ZENA,JULIA
ZENA,JÚLIA
ZENA,JULIANA
ZENA,JULIÁNA
ZENA,JÚLIANA
ZENA,JULIANE
ZENA,JULIANNA
ZENA,JÚLIE
ZENA,JULIET
ZENA,JULIETA
ZENA,JULIETTA
ZENA,JULIETTE
ZENA,JULIJA
ZENA,JULLIE
ZENA,JUNI
ZENA,JURANA
ZENA,JURINA
ZENA,JUSTEANE
ZENA,JUSTINA
ZENA,JUSTÍNA
ZENA,JUSTINE
ZENA,JUSTYNA
ZENA,JUSTÝNA
ZENA,JUTA
ZENA,JUTTA
ZENA,KA
ZENA,KADIATOU
ZENA,KAFA
ZENA,KAIA
ZENA,KAIDA
ZENA,KAILA
ZENA,KAIRA
ZENA,KAITLYN
ZENA,KAJETÁNA
ZENA,KALINA
ZENA,KALIOPI
ZENA,KAMELIA
ZENA,KAMILA
ZENA,KAMILLA
ZENA,KAMILYA
ZENA,KAMINI
ZENA,KANI
ZENA,KANITA
ZENA,KANTU
ZENA,KANY
ZENA,KARIMA
ZENA,KARÍMA
ZENA,KARINA
ZENA,KARÍNA
ZENA,KARINE
ZENA,KARINI
ZENA,KARLA
ZENA,KARMELA
ZENA,KARMEN
ZENA,KAROLA
ZENA,KAROLIN
ZENA,KAROLINA
ZENA,KAROLÍNA
ZENA,KAROLINE
ZENA,KAROLYN
ZENA,KARYN
ZENA,KASANDRA
ZENA,KASHTA
ZENA,KASSANDRA
ZENA,KASY
ZENA,KAŤA
ZENA,KÁŤA
ZENA,KATALEYA
ZENA,KATALIN
ZENA,KATARINA
ZENA,KATARÍNA
ZENA,KATARZYNA
ZENA,KATERI
ZENA,KATERINA
ZENA,KATERYNA
ZENA,KATEŘINA
ZENA,KATHALEA
ZENA,KATHARINA
ZENA,KATHARINE
ZENA,KATHERINA
ZENA,KATHERINE
ZENA,KATHLEEN
ZENA,KATHRIN
ZENA,KATHRYN
ZENA,KATHY
ZENA,KATIA
ZENA,KATIE
ZENA,KATINA
ZENA,KATJA
ZENA,KATKA
ZENA,KATRIN
ZENA,KATRINA
ZENA,KATRINE
ZENA,KATSIARYNA
ZENA,KATUŠE
ZENA,KATY
ZENA,KATYA
ZENA,KAWTHAR
ZENA,KAYANA
ZENA,KAYLA
ZENA,KAZI
ZENA,KAZIMIERA
ZENA,KAZIMÍRA
ZENA,KEA
ZENA,KEANA
ZENA,KEILA
ZENA,KEIRA
ZENA,KEISHA
ZENA,KENZA
ZENA,KEREN
ZENA,KERSTIN
ZENA,KESA
ZENA,KEŠAVÍ
ZENA,KETEVAN
ZENA,KETRIN
ZENA,KETTY
ZENA,KEYLA
ZENA,KHA
ZENA,KHADIJA
ZENA,KHIRA
ZENA,KHRYSTYNA
ZENA,KHULAN
ZENA,KIANA
ZENA,KIARA
ZENA,KILIANA
ZENA,KILLIANA
ZENA,KIMBERLLY
ZENA,KINGA
ZENA,KINZY
ZENA,KIRIA
ZENA,KIRIAKI
ZENA,KITTY
ZENA,KLAARA
ZENA,KLARA
ZENA,KLÁRA
ZENA,KLARISA
ZENA,KLÁRKA
ZENA,KLAUDIA
ZENA,KLAUDIE
ZENA,KLEA
ZENA,KLEMENTINA
ZENA,KLEMENTÍNA
ZENA,KLEMENTÝNA
ZENA,KLEOPATRA
ZENA,KLOTILDA
ZENA,KLOTYLDA
ZENA,KOLETA
ZENA,KONSTANCE
ZENA,KONSTANCIE
ZENA,KONSTANTINA
ZENA,KORALÍNA
ZENA,KORDULA
ZENA,KORINA
ZENA,KORNELA
ZENA,KORNELIA
ZENA,KORNÉLIA
ZENA,KORNELIE
ZENA,KORNÉLIE
ZENA,KORTNEY
ZENA,KOYUKI
ZENA,KRASAVA
ZENA,KRASIMIRA
ZENA,KRISPINA
ZENA,KRYSPINA
ZENA,KRISTIANA
ZENA,KRISTIÁNA
ZENA,KRISTIINA
ZENA,KRISTINA
ZENA,KRISTÍNA
ZENA,KRISTINE
ZENA,KRISTINKA
ZENA,KRISTOFORA
ZENA,KRISTY
ZENA,KRISTYNA
ZENA,KRISTÝNA
ZENA,KRISZTINA
ZENA,KRYSTINA
ZENA,KRYSTYNA
ZENA,KRYSTÝNA
ZENA,KRYŠPÍNA
ZENA,KSENIA
ZENA,KSENIJA
ZENA,KSENIYA
ZENA,KUDZAISHE
ZENA,KVETA
ZENA,KVĚTA
ZENA,KVĚTOMILA
ZENA,KVETOSLAVA
ZENA,KVĚTOSLAVA
ZENA,KVĚTUŠE
ZENA,KVĚTUŠKA
ZENA,KYLIE
ZENA,KYRA
ZENA,LADA
ZENA,LAERKE
ZENA,LADĚNA
ZENA,LADISLAVA
ZENA,LAĎKA
ZENA,LADOMIRA
ZENA,LADUŠE
ZENA,LADY
ZENA,LAETITIA
ZENA,LAGERTHA
ZENA,LAHJA
ZENA,LAIA
ZENA,LAILA
ZENA,LAJLA
ZENA,LAKA
ZENA,LAKE
ZENA,LALIKA
ZENA,LAMIA
ZENA,LAMIAH
ZENA,LANA
ZENA,LANE
ZENA,LANEY
ZENA,LANI
ZENA,LARA
ZENA,LARIN
ZENA,LARISA
ZENA,LARISSA
ZENA,LARITA
ZENA,LARYSA
ZENA,LATJA
ZENA,LAUREL
ZENA,LURELIE
ZENA,LAURENCIE
ZENA,LAURENE
ZENA,LAURENIA
ZENA,LAURIANA
ZENA,LAURISE
ZENA,LAVINIA
ZENA,LAYAN
ZENA,LAYLA
ZENA,LAYLAH
ZENA,LEA
ZENA,LÉA
ZENA,LEAH
ZENA,LEANDRA
ZENA,LEANKA
ZENA,LEEN
ZENA,LEFTERIA
ZENA,LEI
ZENA,LEIA
ZENA,LEILA
ZENA,LEILANI
ZENA,LEILLA
ZENA,LEISA
ZENA,LEITH
ZENA,LEJLA
ZENA,LELA
ZENA,LELIANA
ZENA,LEMON
ZENA,LENA
ZENA,LÉNA
ZENA,LENEA
ZENA,LENI
ZENA,LENKA
ZENA,LENNA
ZENA,LENNIE
ZENA,LENNY
ZENA,LENTE
ZENA,LENY
ZENA,LEOKADIA
ZENA,LEOKADIE
ZENA,LEOKÁDIE
ZENA,LEONA
ZENA,LEONARDA
ZENA,LEONIDA
ZENA,LEONIE
ZENA,LEONKA
ZENA,LEONOR
ZENA,LEONORA
ZENA,LEONTINA
ZENA,LEONTÍNA
ZENA,LEONTINE
ZENA,LÉONTINE
ZENA,LEONTYNA
ZENA,LEONTÝNA
ZENA,LEOPOLDA
ZENA,LEOPOLDINA
ZENA,LESANA
ZENA,LESIA
ZENA,LESJA
ZENA,LESYA
ZENA,LETICIA
ZENA,LETÍCIA
ZENA,LETICIE
ZENA,LETIZIA
ZENA,LETTA
ZENA,LETTICIE
ZENA,LETTY
ZENA,LETTYCIA
ZENA,LETY
ZENA,LETYCIA
ZENA,LEVA
ZENA,LEVIA
ZENA,LEXI
ZENA,LEYA
ZENA,LEYI
ZENA,LEYLA
ZENA,LIA
ZENA,LÍA
ZENA,LIANA
ZENA,LIÁNA
ZENA,LIANE
ZENA,LIANNA
ZENA,LIAT
ZENA,LÍBA
ZENA,LIBBY
ZENA,LIBĚNA
ZENA,LIBERTY
ZENA,LIBI
ZENA,LIBORA
ZENA,LIBORKA
ZENA,LIBOSLAVA
ZENA,LIBUŠA
ZENA,LIBUŠE
ZENA,LIBUŠKA
ZENA,LIDA
ZENA,LÍDA
ZENA,LIDIA
ZENA,LÍDIA
ZENA,LIDIE
ZENA,LIDIJA
ZENA,LIDKA
ZENA,LIDMILA
ZENA,LIDUŠE
ZENA,LIDUŠKA
ZENA,LIDVINA
ZENA,LIDYE
ZENA,LIELLE
ZENA,LIESE
ZENA,LIESELOTTA
ZENA,LIESELOTTE
ZENA,LIESSE
ZENA,LIHI
ZENA,LILA
ZENA,LÍLA
ZENA,LILAC
ZENA,LILACH
ZENA,LILI
ZENA,LILIA
ZENA,LILIANA
ZENA,LILIÁNA
ZENA,LILIANE
ZENA,LILIANNA
ZENA,LILIANNE
ZENA,LILIBETH
ZENA,LILIE
ZENA,LILIEN
ZENA,LILIENNE
ZENA,LILIJA
ZENA,LILIJANA
ZENA,LILIT
ZENA,LILITA
ZENA,LILI-VIOLA
ZENA,LILIYA
ZENA,LILJA
ZENA,LILJANA
ZENA,LILLA
ZENA,LILLI
ZENA,LILLIA
ZENA,LILLIANA
ZENA,LILLIANE
ZENA,LILLIE
ZENA,LILLIEN
ZENA,LILLY
ZENA,LILLYAN
ZENA,LILUET
ZENA,LILY
ZENA,LILYAH
ZENA,LILY-ANNE
ZENA,LILY-ROSE
ZENA,LIMA
ZENA,LIMOR
ZENA,LINA
ZENA,LINDA
ZENA,LINDITA
ZENA,LINET
ZENA,LINNET
ZENA,LIONELA
ZENA,LIORA
ZENA,LISBET
ZENA,LISELOTA
ZENA,LISELOTTA
ZENA,LISELOTTE
ZENA,LITHIA
ZENA,LIUBOV
ZENA,LIUDMILA
ZENA,LIUDMYLA
ZENA,LIV
ZENA,LIVE
ZENA,LIVELY
ZENA,LIVIA
ZENA,LÍVIA
ZENA,LIVIAN
ZENA,LIVIE
ZENA,LÍVIE
ZENA,LIVIENNE
ZENA,LIYA
ZENA,LIYANA
ZENA,LIYEMA
ZENA,LÍZA
ZENA,LIZAVETA
ZENA,LJERKA
ZENA,LJILJANA
ZENA,LJUBA
ZENA,LJUBICA
ZENA,LJUBOV
ZENA,LJUDMILA
ZENA,LJUDMYLA
ZENA,LLUNA
ZENA,LOAN
ZENA,LOELLA
ZENA,LOIS
ZENA,LOISA
ZENA,LOLA
ZENA,LOLITA
ZENA,LOLLA
ZENA,LORA
ZENA,LÓRA
ZENA,LORCA
ZENA,LOREDANA
ZENA,LOREEN
ZENA,LORELAI
ZENA,LORELEI
ZENA,LORENA
ZENA,LORENZE
ZENA,LORETA
ZENA,LORETTA
ZENA,LORIANA
ZENA,LORIANE
ZENA,LORIANNA
ZENA,LORIEN
ZENA,LORKA
ZENA,LORRAINE
ZENA,LORY
ZENA,LORYN
ZENA,LOTA
ZENA,LOTE
ZENA,LOTKA
ZENA,LOTTA
ZENA,LOTTY
ZENA,LOUISA
ZENA,LOUISE
ZENA,LOUSIANA
ZENA,LOURDES
ZENA,LOUTI
ZENA,LOUVE
ZENA,LOVE
ZENA,LUANA
ZENA,LUBA
ZENA,ĽUBA
ZENA,LUBĚNA
ZENA,LUBICA
ZENA,ĽUBICA
ZENA,LUBISLAVA
ZENA,LUBOMÍRA
ZENA,ĽUBOMÍRA
ZENA,ĽUBOSLAVA
ZENA,ĽUBOV
ZENA,ĽUBUŠA
ZENA,LUCIA
ZENA,LUCÍA
ZENA,LÚCIA
ZENA,LUCIANA
ZENA,LUCIÁNA
ZENA,LUCIANNA
ZENA,LUCIDIA
ZENA,LUCIE
ZENA,LUCIENNE
ZENA,LUCIJA
ZENA,LUCILL
ZENA,LUCJA
ZENA,ŁUCJA
ZENA,LUCREZIA
ZENA,LUCYNA
ZENA,LUĎA
ZENA,LUDĚNA
ZENA,LUDĚNKA
ZENA,LUDISLAVA
ZENA,LUDIŠE
ZENA,LUĎKA
ZENA,LUDMILA
ZENA,ĽUDMILA
ZENA,LUDOSLAVA
ZENA,LUDOVIKA
ZENA,LUDVIKA
ZENA,LUDVÍKA
ZENA,LUISA
ZENA,LUISE
ZENA,LUIZA
ZENA,LUJZA
ZENA,LUKRECIA
ZENA,LUKRÉCIA
ZENA,LUKRÉCIE
ZENA,LUMÍRA
ZENA,LUNA
ZENA,LUNITA
ZENA,LUSIJA
ZENA,LUSINE
ZENA,LUSSI
ZENA,LUTHANDO
ZENA,LUZ
ZENA,LYA
ZENA,LYANNA
ZENA,LYDIA
ZENA,LÝDIA
ZENA,LYDIE
ZENA,LÝDIE
ZENA,LYGIE
ZENA,LYLA
ZENA,LYRA
ZENA,LYRIS
ZENA,LYSIANE
ZENA,LYUBOV
ZENA,LYUDMILA
ZENA,MABEL
ZENA,MADALENA
ZENA,MADALENE
ZENA,MADDALENA
ZENA,MADDI
ZENA,MADDIE
ZENA,MADELAINE
ZENA,MADELEINE
ZENA,MADELINE
ZENA,MADINA
ZENA,MADLA
ZENA,MADLEN
ZENA,MADLENA
ZENA,MADLENKA
ZENA,MAE
ZENA,MAELINE
ZENA,MAESIE
ZENA,MAEVA
ZENA,MAEVE
ZENA,MAGALI
ZENA,MAGDA
ZENA,MAGDALENA
ZENA,MAGDALÉNA
ZENA,MAGDALENE
ZENA,MAGDALINA
ZENA,MAGGIE
ZENA,MAGNEA
ZENA,MAGNOLIA
ZENA,MAHA
ZENA,MAHEŠVARÍ
ZENA,MAHULENA
ZENA,MAIA
ZENA,MAIALEN
ZENA,MAIDA
ZENA,MAIKE
ZENA,MAILA
ZENA,MAILY
ZENA,MAIRA
ZENA,MAISA
ZENA,MAITE
ZENA,MAITRI
ZENA,MAIWENN
ZENA,MAJA
ZENA,MÁJA
ZENA,MAJDA
ZENA,MAJDALENA
ZENA,MAJDALÉNA
ZENA,MAJJA
ZENA,MAJKA
ZENA,MAJLA
ZENA,MAKKAH
ZENA,MALAIKA
ZENA,MALAK
ZENA,MALEN
ZENA,MALENA
ZENA,MALÉNA
ZENA,MALGORZATA
ZENA,MAŁGORZATA
ZENA,MALI
ZENA,MALIA
ZENA,MÁLIA
ZENA,MALIE
ZENA,MÁLIE
ZENA,MALIKA
ZENA,MALINA
ZENA,MALITA
ZENA,MALKA
ZENA,MALLA
ZENA,MALLIKA
ZENA,MALVINA
ZENA,MALVÍNA
ZENA,MANALU
ZENA,MANISHA
ZENA,MANNESSA
ZENA,MANON
ZENA,MANUELA
ZENA,MARABELLA
ZENA,MÁRA
ZENA,MARAL
ZENA,MARCELA
ZENA,MARCELINA
ZENA,MARCELÍNA
ZENA,MARCELKA
ZENA,MARCELLA
ZENA,MARCI
ZENA,MARCIA
ZENA,MARCY
ZENA,MAREE
ZENA,MARGALIT
ZENA,MARGARET
ZENA,MARGARETA
ZENA,MARGARÉTA
ZENA,MARGARETE
ZENA,MARGARETHA
ZENA,MARGARETHE
ZENA,MARGARITA
ZENA,MARGAUX
ZENA,MARGETA
ZENA,MARGHERITA
ZENA,MARGIT
ZENA,MARGITA
ZENA,MARGITTA
ZENA,MARGO
ZENA,MARGOT
ZENA,MÁRGU
ZENA,MARGUERITE
ZENA,MARHARYTA
ZENA,MARI
ZENA,MARIA
ZENA,MARÍA
ZENA,MÁRIA
ZENA,MARIA-ISABELLE
ZENA,MARIAM
ZENA,MARIAMA
ZENA,MARIAMAURA
ZENA,MARIANA
ZENA,MARIÁNA
ZENA,MARIANKA
ZENA,MARIANNA
ZENA,MARIANNE
ZENA,MARIBEL
ZENA,MARICA
ZENA,MARIE
ZENA,MÁRIE
ZENA,MARIE-ANNA
ZENA,MARIE-EVA
ZENA,MARIELA
ZENA,MARIELLA
ZENA,MARIELLE
ZENA,MARIEM
ZENA,MARIEN
ZENA,MARIETA
ZENA,MARIETTA
ZENA,MARIE-VIVIENNE
ZENA,MARIIA
ZENA,MARIJA
ZENA,MARIJANA
ZENA,MARIJKA
ZENA,MARIKA
ZENA,MARILYN
ZENA,MARINA
ZENA,MARÍNA
ZENA,MARINE
ZENA,MARINEL
ZENA,MARINETTE
ZENA,MARIOLA
ZENA,MARISA
ZENA,MARISOL
ZENA,MARISSA
ZENA,MARIŠKA
ZENA,MARITA
ZENA,MARITHA
ZENA,MARIYA
ZENA,MARJA
ZENA,MARJAM
ZENA,MARJANA
ZENA,MARKA
ZENA,MARKETA
ZENA,MARKÉTA
ZENA,MARLA
ZENA,MARLEN
ZENA,MARLENA
ZENA,MARLENE
ZENA,MARLÉNE
ZENA,MARLENKA
ZENA,MARLIES
ZENA,MARLIS
ZENA,MARSI
ZENA,MARTA
ZENA,MÁRTA
ZENA,MARTHA
ZENA,MARUAN
ZENA,MARUŠE
ZENA,MARUŠKA
ZENA,MARWA
ZENA,MARYAM
ZENA,MARYANA
ZENA,MARYANN
ZENA,MARY-JANE
ZENA,MARYLA
ZENA,MARYNA
ZENA,MARYŠA
ZENA,MARYŠKA
ZENA,MAŘÍ
ZENA,MAŠA
ZENA,MÁŠA
ZENA,MATAKIRI
ZENA,MATEA
ZENA,MATHILDA
ZENA,MATIKA
ZENA,MATILDA
ZENA,MATILDE
ZENA,MATYLDA
ZENA,MAURA
ZENA,MAVI
ZENA,MAVIS
ZENA,MAXIMA
ZENA,MAXINE
ZENA,MAY
ZENA,MAYAN
ZENA,MAYBELLINE
ZENA,MAYANI
ZENA,MAYLA
ZENA,MAYLIN
ZENA,MAYSA
ZENA,MAYSOON
ZENA,MAYUMI
ZENA,MAZIDAT
ZENA,MBIANDZI
ZENA,MEADOW
ZENA,MEČISLAVA
ZENA,MEDA
ZENA,MEDEA
ZENA,MÉDEA
ZENA,MEDEINA
ZENA,MEDELYN
ZENA,MEDIE
ZENA,MEDINA
ZENA,MEENA
ZENA,MEG
ZENA,MEGAN
ZENA,MEGGI
ZENA,MEGGIE
ZENA,MEGHAN
ZENA,MEIA
ZENA,MEIMUNAH
ZENA,MEJA
ZENA,MELANI
ZENA,MELANIA
ZENA,MELÁNIA
ZENA,MELANIE
ZENA,MELÁNIE
ZENA,MELANY
ZENA,MELBA
ZENA,MELIA
ZENA,MELIKE
ZENA,MELIN
ZENA,MELINA
ZENA,MELINDA
ZENA,MELINE
ZENA,MELINKA
ZENA,MELISA
ZENA,MELISSA
ZENA,MELITA
ZENA,MELITTA
ZENA,MELL
ZENA,MELLANIE
ZENA,MELLANY
ZENA,MELLIA
ZENA,MELLISA
ZENA,MELLY
ZENA,MELODY
ZENA,MELONIE
ZENA,MELORA
ZENA,MERA
ZENA,MERCEDES
ZENA,MERCI
ZENA,MERI
ZENA,MERIEM
ZENA,MERIKE
ZENA,MERITA
ZENA,MERJEM
ZENA,MERLINA
ZENA,MERLYN
ZENA,MERUYERT
ZENA,MERY
ZENA,METHMI
ZENA,MERYEM
ZENA,METODĚJKA
ZENA,MEVA
ZENA,MIABEL
ZENA,MIABELLA
ZENA,MICAELA
ZENA,MICAIAH
ZENA,MIHAELA
ZENA,MIA-GABI
ZENA,MIHRIBAN
ZENA,MICHAELA
ZENA,MICHAELLA
ZENA,MICHALA
ZENA,MICHALINA
ZENA,MICHELA
ZENA,MICHÉLE
ZENA,MIJA
ZENA,MIKAELA
ZENA,MIKAYLA
ZENA,MIKOL
ZENA,MÍKOL
ZENA,MIKULÁŠKA
ZENA,MILA
ZENA,MÍLA
ZENA,MILADA
ZENA,MILAGRO
ZENA,MILAGROS
ZENA,MILANA
ZENA,MILANIA
ZENA,MILANKA
ZENA,MILENA
ZENA,MILENKA
ZENA,MILENTINA
ZENA,MILEVA
ZENA,MILEY
ZENA,MILI
ZENA,MILICA
ZENA,MILINA
ZENA,MILITINA
ZENA,MILKA
ZENA,MILLA
ZENA,MILLIE
ZENA,MILLY
ZENA,MILONA
ZENA,MILOSLAVA
ZENA,MILUŠA
ZENA,MILUŠE
ZENA,MILUŠKA
ZENA,MIMI
ZENA,MINA
ZENA,MÍNA
ZENA,MINDA
ZENA,MINEA
ZENA,MIRA
ZENA,MIRABAI
ZENA,MIRABELA
ZENA,MIRAL
ZENA,MIRANDA
ZENA,MIRČA
ZENA,MIREILLE
ZENA,MIREL
ZENA,MIRELA
ZENA,MIRELLA
ZENA,MIRENA
ZENA,MIRI
ZENA,MIRIAM
ZENA,MIRIAMA
ZENA,MIRIANA
ZENA,MIRIEL
ZENA,MIRIJAM
ZENA,MIRJAM
ZENA,MIRJANA
ZENA,MIRKA
ZENA,MIRNA
ZENA,MIRONA
ZENA,MIROSLAVA
ZENA,MIROSLÁVKA
ZENA,MIROSŁAWA
ZENA,MIRRA
ZENA,MIRUŠKA
ZENA,MIRZA
ZENA,MISA
ZENA,MISHEEL
ZENA,MISHEL
ZENA,MISHELL
ZENA,MISCHELLE
ZENA,MISSY
ZENA,MIŠELA
ZENA,MIU
ZENA,MIYA
ZENA,MLADA
ZENA,MLADENA
ZENA,MOA
ZENA,MOANA
ZENA,MOIRREY
ZENA,MOJMÍRA
ZENA,MOLLEL
ZENA,MOLLY
ZENA,MOLONGI
ZENA,MONI
ZENA,MONIA
ZENA,MONICA
ZENA,MONIKA
ZENA,MONINA
ZENA,MONIQUE
ZENA,MONITA
ZENA,MONNA
ZENA,MONTAGNA
ZENA,MORAN
ZENA,MORANA
ZENA,MOTUNRAYO
ZENA,MOUNA
ZENA,MUNA
ZENA,MUNAY
ZENA,MURIARA
ZENA,MUTHIKE
ZENA,MUTIARA
ZENA,MYA
ZENA,MYAN
ZENA,MYIA
ZENA,MYRA
ZENA,MYRIAM
ZENA,MYROSLAVA
ZENA,MYRRHA
ZENA,MYSLENA
ZENA,MZIA
ZENA,NAAMA
ZENA,NADA
ZENA,NAĎA
ZENA,NADAL
ZENA,NADĚJE
ZENA,NADĚNA
ZENA,NADĚNKA
ZENA,NADEZDA
ZENA,NADEŽDA
ZENA,NADĚŽDA
ZENA,NADIA
ZENA,NADIJA
ZENA,NADINE
ZENA,NADIYA
ZENA,NADJA
ZENA,NADZEYA
ZENA,NAEMI
ZENA,NAHIA
ZENA,NAIA
ZENA,NAIARA
ZENA,NAILA
ZENA,NAIMI
ZENA,NAIMIE
ZENA,NAIOMI
ZENA,NAIRA
ZENA,NAIROBI
ZENA,NAIVELIN
ZENA,NALA
ZENA,NALANI
ZENA,NALEYA
ZENA,NALIA
ZENA,NAMÚN
ZENA,NANA
ZENA,NANCY
ZENA,NANETA
ZENA,NANI
ZENA,NANIJA
ZENA,NANKLING
ZENA,NANTENIN
ZENA,NANY
ZENA,NAOMI
ZENA,NAOMI-MELODY
ZENA,NARA
ZENA,NARCISA
ZENA,NARCISKA
ZENA,NARE
ZENA,NARINE
ZENA,NARYA
ZENA,NASANJY
ZENA,NASŤA
ZENA,NASTASSIA
ZENA,NASTYA
ZENA,NASUA
ZENA,NATA
ZENA,NATALE
ZENA,NATALEE
ZENA,NATALIA
ZENA,NATÁLIA
ZENA,NATALIE
ZENA,NATÁLIE
ZENA,NATALIJA
ZENA,NATALIYA
ZENA,NATALJA
ZENA,NATALKA
ZENA,NATALLIA
ZENA,NATALLY
ZENA,NATALYA
ZENA,NATANIAH
ZENA,NATANIELA
ZENA,NATASHA
ZENA,NATASCHA
ZENA,NATAŠA
ZENA,NATAYA
ZENA,NATEA
ZENA,NATAYA
ZENA,NATHALI
ZENA,NATHALIA
ZENA,NATHALIE
ZENA,NATHÁLIE
ZENA,NATHALY
ZENA,NATCHAYA
ZENA,NATIA
ZENA,NATTY
ZENA,NAYA
ZENA,NAYELI
ZENA,NAYLA
ZENA,NAZAN
ZENA,NAZIFE
ZENA,NAZLI
ZENA,NEA
ZENA,NEAH
ZENA,NEDA
ZENA,NEFELI
ZENA,NEFES
ZENA,NĚHOSLAVA
ZENA,NECHAMA
ZENA,NEILA
ZENA,NEKOLA
ZENA,NEMA
ZENA,NEMIA
ZENA,NELA
ZENA,NELI
ZENA,NELIA
ZENA,NELJA
ZENA,NELL
ZENA,NELLA
ZENA,NELLI
ZENA,NELLIE
ZENA,NELLY
ZENA,NELY
ZENA,NENA
ZENA,NENY
ZENA,NEONILA
ZENA,NERA
ZENA,NEREA
ZENA,NERENXA
ZENA,NERI
ZENA,NERIA
ZENA,NERIAH
ZENA,NERIJA
ZENA,NERIS
ZENA,NERMINA
ZENA,NESLIHAM
ZENA,NETA
ZENA,NETTA
ZENA,NEVA
ZENA,NĚVA
ZENA,NEVE
ZENA,NEVENA
ZENA,NEVENKA
ZENA,NEYLA
ZENA,NEŽA
ZENA,NGA
ZENA,NGAN
ZENA,NHI
ZENA,NHUNG
ZENA,NIA
ZENA,NIAH
ZENA,NICA
ZENA,NICCI
ZENA,NICOLE
ZENA,NICOLET
ZENA,NICOLETA
ZENA,NICOLETTA
ZENA,NICOLETTE
ZENA,NICOLL
ZENA,NICOLLA
ZENA,NICOLLE
ZENA,NICULINA
ZENA,NIEVE
ZENA,NIHAN
ZENA,NIKÉ
ZENA,NIKO
ZENA,NIKOLET
ZENA,NIKOLETA
ZENA,NIKOLETT
ZENA,NIKOLETTA
ZENA,NIKOLINA
ZENA,NIKY
ZENA,NILA
ZENA,NILI
ZENA,NILU
ZENA,NINEL
ZENA,NIRA
ZENA,NIRVANA
ZENA,NITZAN
ZENA,NIVA
ZENA,NIVES
ZENA,NJIDEKA
ZENA,NOELA
ZENA,NOELIA
ZENA,NOELLE
ZENA,NOEMA
ZENA,NOEMI
ZENA,NOÉMI
ZENA,NOÉMIE
ZENA,NOGA
ZENA,NOLA
ZENA,NOLWENN
ZENA,NOMIN
ZENA,NOMVULA
ZENA,NONA
ZENA,NONNA
ZENA,NORA
ZENA,NORAH
ZENA,NORALYN
ZENA,NORBERTA
ZENA,NORIE
ZENA,NORIKA
ZENA,NORMA
ZENA,NOURA
ZENA,NOX
ZENA,NOYA
ZENA,NOZIZWE
ZENA,NURAY
ZENA,NURIA
ZENA,NURIT
ZENA,NYNA
ZENA,NYSSA
ZENA,NYX
ZENA,ODA
ZENA,ODAMEA
ZENA,ODELIA
ZENA,ODEM
ZENA,ODETA
ZENA,ODETTA
ZENA,ODETTE
ZENA,ODONA
ZENA,OKSANA
ZENA,OLA
ZENA,OLDŘICHA
ZENA,OLDŘIŠKA
ZENA,OLEKSANDRA
ZENA,OLENA
ZENA,OLESIA
ZENA,OLESJA
ZENA,OLESSIA
ZENA,OLESYA
ZENA,OLEXANDRA
ZENA,OLGA
ZENA,OĽGA
ZENA,OLHA
ZENA,OLI
ZENA,OLIMPIA
ZENA,OLINA
ZENA,OLINKA
ZENA,OLIVA
ZENA,OLIVERA
ZENA,OLIVIA
ZENA,OLÍVIA
ZENA,OLIVIE
ZENA,OLÍVIE
ZENA,OLIVIE-LAURA
ZENA,OLIWIA
ZENA,OLJA
ZENA,OLO
ZENA,OLUŠA
ZENA,OLUŠE
ZENA,OLUŠKA
ZENA,OLUWARANTIMI
ZENA,OLWEN
ZENA,OLWENN
ZENA,OLYMPIA
ZENA,OLYMPIE
ZENA,ONDŘEJKA
ZENA,OONA
ZENA,ORA
ZENA,ORESTA
ZENA,ORIANA
ZENA,ORIT
ZENA,ORNELA
ZENA,ORNELLA
ZENA,OROSIA
ZENA,ORYSJA
ZENA,OSAHENRUMWEN
ZENA,OSNAT
ZENA,OTAKARA
ZENA,OTILIA
ZENA,OTÍLIA
ZENA,OTILIE
ZENA,OTÍLIE
ZENA,OTTILIA
ZENA,OTTILIE
ZENA,OTYLIE
ZENA,OTÝLIE
ZENA,OXANA
ZENA,OZ
ZENA,ÖYKÜ
ZENA,PAIGE
ZENA,PAISIJA
ZENA,PALOMA
ZENA,PAMELA
ZENA,PANAJOTA
ZENA,PAOLA
ZENA,PAR
ZENA,PARAS
ZENA,PARASKA
ZENA,PARTHENA
ZENA,PARISA
ZENA,PARTENA
ZENA,PASCALINE
ZENA,PATRICIA
ZENA,PATRÍCIA
ZENA,PATRICIE
ZENA,PATRÍCIE
ZENA,PATRIKA
ZENA,PATRIZIA
ZENA,PATRYCJA
ZENA,PAULA
ZENA,PAULINA
ZENA,PAULÍNA
ZENA,PAULINE
ZENA,PAVLINA
ZENA,PAVLÍNA
ZENA,PAVLINKA
ZENA,PAYA
ZENA,PEGGY
ZENA,PELAGIA
ZENA,PENELOPA
ZENA,PENELOPE
ZENA,PENKA
ZENA,PEPPE
ZENA,PERL
ZENA,PERLA
ZENA,PERLUŠE
ZENA,PERLUŠKA
ZENA,PERSEPHONE
ZENA,PETJA
ZENA,PETRA
ZENA,PETRANA
ZENA,PETROMILA
ZENA,PETRONELA
ZENA,PETRONELLA
ZENA,PETRONILA
ZENA,PETRUŠE
ZENA,PETRUŠKA
ZENA,PETTIE
ZENA,PETTY
ZENA,PĚVA
ZENA,PĚVUŠE
ZENA,PĚVUŠKA
ZENA,PHOEBE
ZENA,PIA
ZENA,PIHLA
ZENA,PINELOPI
ZENA,PIPPILOTTA
ZENA,PIROSKA
ZENA,PIROŠKA
ZENA,POLA
ZENA,POLIMNIA
ZENA,POLINA
ZENA,POLIXENI
ZENA,POLLYANNA
ZENA,POLYXENA
ZENA,POPPY
ZENA,PRAEWA
ZENA,PRAVOMILA
ZENA,PRAVOSLAVA
ZENA,PRIMAVERA
ZENA,PRIMROSE
ZENA,PRISKA
ZENA,PRIŠKA
ZENA,PŘIBYSLAVA
ZENA,PUNAM
ZENA,PUTU
ZENA,PYARI
ZENA,QUINN
ZENA,RABIA
ZENA,RADANA
ZENA,RÁDHA
ZENA,RADIMA
ZENA,RADIMÍRA
ZENA,RADISLAVA
ZENA,RADKA
ZENA,RADMILA
ZENA,RADOMILA
ZENA,RADOMÍRA
ZENA,RADOSLAVA
ZENA,RADOVANA
ZENA,RADSLAVA
ZENA,RADUŠE
ZENA,RADVANA
ZENA,RAELYNN
ZENA,RAFAELA
ZENA,RAHEL
ZENA,RACHEL
ZENA,RÁCHEL
ZENA,RACHELE
ZENA,RAIFA
ZENA,RAINA
ZENA,RAISA
ZENA,RÁJA
ZENA,RAJANA
ZENA,RAJISA
ZENA,RAJKA
ZENA,RAJNA
ZENA,RALITSA
ZENA,RAM
ZENA,RAMONA
ZENA,RAMUNÉ
ZENA,RAMYA
ZENA,RANA
ZENA,RANIA
ZENA,RAQUEL
ZENA,RAVIT
ZENA,RAYA
ZENA,RAYEN
ZENA,RAYEME
ZENA,RAYMI
ZENA,RAYMONDA
ZENA,REA
ZENA,REAGAN
ZENA,REBECA
ZENA,REBECCA
ZENA,REBEKA
ZENA,REBEKKA
ZENA,REEM
ZENA,REENA
ZENA,REESE
ZENA,REGINA
ZENA,REGÍNA
ZENA,REHOBOTH
ZENA,REI
ZENA,REID
ZENA,REINA
ZENA,REINGARD
ZENA,REINGARDA
ZENA,RÉKA
ZENA,RELA
ZENA,REMEDIOS
ZENA,REMONA
ZENA,REMUNÉ
ZENA,RENA
ZENA,RENATA
ZENA,RENÁTA
ZENA,RENATE
ZENA,RENEE
ZENA,RENEÉ
ZENA,RENÉE
ZENA,RENESME
ZENA,RENESMEE
ZENA,REUT
ZENA,REVEKKA
ZENA,RÉZI
ZENA,RHEA
ZENA,RHEIA
ZENA,RIANA
ZENA,RIANNA
ZENA,RIBANA
ZENA,RIDDHI
ZENA,RICHARDA
ZENA,RINNA
ZENA,RIJA
ZENA,RIKA
ZENA,RIKO
ZENA,RIMA
ZENA,RIMEL
ZENA,RIMMA
ZENA,RINA
ZENA,RISA
ZENA,RITA
ZENA,RITTA
ZENA,RIVA
ZENA,RIVKA
ZENA,ROBERTA
ZENA,ROBINA
ZENA,ROCCA
ZENA,RODA
ZENA,RODICA
ZENA,ROCHELLE
ZENA,ROCHELLE
ZENA,ROKSOLANA
ZENA,ROLANDA
ZENA,ROMANA
ZENA,ROMANKA
ZENA,ROMI
ZENA,ROMINA
ZENA,ROMY
ZENA,RONA
ZENA,ROŇA
ZENA,RÓNA
ZENA,RONI
ZENA,RONIA
ZENA,RONIT
ZENA,RONJA
ZENA,ROOS
ZENA,ROOSA
ZENA,ROSA
ZENA,ROSABELLE
ZENA,ROSALI
ZENA,ROSALIA
ZENA,ROSALIE
ZENA,ROSÁLIE
ZENA,ROSALINDA
ZENA,ROSALINE
ZENA,ROSANA
ZENA,ROSANNA
ZENA,ROSARIA
ZENA,ROSARIE
ZENA,ROSE
ZENA,ROSEE
ZENA,ROSELINE
ZENA,ROSEMARIE
ZENA,ROSMARINA
ZENA,ROSEMARY
ZENA,ROSICA
ZENA,ROSIE
ZENA,ROSINA
ZENA,ROSITA
ZENA,ROSMARIE
ZENA,ROSTISLAVA
ZENA,ROSVITA
ZENA,ROSWITA
ZENA,ROSWITHA
ZENA,ROSY
ZENA,ROTRAUT
ZENA,ROXANA
ZENA,ROXANE
ZENA,ROXANNE
ZENA,ROXOLANA
ZENA,ROZA
ZENA,RÓZA
ZENA,ROZALI
ZENA,ROZALIA
ZENA,ROZÁLIA
ZENA,ROZALIE
ZENA,ROZÁLIE
ZENA,ROZÁRA
ZENA,ROZARIA
ZENA,ROZARIE
ZENA,ROZÁRIE
ZENA,ROZÁRKA
ZENA,ROZI
ZENA,RÓZI
ZENA,ROZINA
ZENA,ROZITA
ZENA,ROZMARINA
ZENA,ROZVITA
ZENA,ROZZIE
ZENA,RUBIA
ZENA,RUBIANA
ZENA,RUBINA
ZENA,RUBYA
ZENA,RUDOLFA
ZENA,RUDOLFINA
ZENA,RUDOLFÍNA
ZENA,RUDY
ZENA,RUE
ZENA,RUFINA
ZENA,RUKEN
ZENA,RUKHSAR
ZENA,RUMENA
ZENA,RUMJANA
ZENA,RUSLANA
ZENA,RUT
ZENA,RÚT
ZENA,RUTA
ZENA,RUTH
ZENA,RUZANNA
ZENA,RUŽENA
ZENA,RŮŽENA
ZENA,RŮŽENKA
ZENA,RYM
ZENA,RYMA
ZENA,RYBANA
ZENA,SAANVi
ZENA,SABINA
ZENA,SABÍNA
ZENA,SABINE
ZENA,SABIRA
ZENA,SABRINA
ZENA,SABRINE
ZENA,SADIE
ZENA,SAFIA
ZENA,SAFIEH
ZENA,SAFIJA
ZENA,SAFIYA
ZENA,SAGA
ZENA,SÁGA
ZENA,SAHRA
ZENA,SAILA
ZENA,SALA
ZENA,SALIMA
ZENA,SALMA
ZENA,SALOME
ZENA,SALOMEA
ZENA,SALOMINA
ZENA,SALOUA
ZENA,SAMANTA
ZENA,SAMANTHA
ZENA,SAMARA
ZENA,SAMIA
ZENA,SAMIRA
ZENA,SAMÍRA
ZENA,SAMUELA
ZENA,SANCIA
ZENA,SANDRA
ZENA,SANELA
ZENA,SANEM
ZENA,SANNA
ZENA,SANTAL
ZENA,SANTINA
ZENA,SAOIRSE
ZENA,SÁRA
ZENA,SARAH
ZENA,SARASVATI
ZENA,SARIT
ZENA,SARITA
ZENA,SARONA
ZENA,SARRA
ZENA,SASKIA
ZENA,SASKIE
ZENA,SATINE
ZENA,SATU
ZENA,SAVINA
ZENA,SAYAKA
ZENA,SAYAT
ZENA,SAYEN
ZENA,SAZAN
ZENA,SCARLET
ZENA,SCARLETT
ZENA,SEDA
ZENA,SEIKA
ZENA,SEIRA
ZENA,SELENA
ZENA,SELENGE
ZENA,SELENIE
ZENA,SELIN
ZENA,SELINA
ZENA,SELINE
ZENA,SELMA
ZENA,SEMANTIKA
ZENA,SEMIRAMIS
ZENA,SENAMI
ZENA,SENTA
ZENA,SERAFIMA
ZENA,SERAFINA
ZENA,SERAFÍNA
ZENA,SEREN
ZENA,SERENA
ZENA,SERRY
ZENA,SEVERINA
ZENA,SEYRAM
ZENA,SEYRAN
ZENA,SHAHNOZA
ZENA,SHAIMA
ZENA,SHALALA
ZENA,SHAMMI
ZENA,SHANEL
ZENA,SHANI
ZENA,SHANIA
ZENA,SHANTI
ZENA,SHANY
ZENA,SHARLOTA
ZENA,SHARLOTTA
ZENA,SHAYA
ZENA,SHAYLI
ZENA,SHEILA
ZENA,SHEIMA
ZENA,SHELLY
ZENA,SHEREEN
ZENA,SHERIN
ZENA,SHERYL
ZENA,SHIMRIT
ZENA,SHINJA
ZENA,SHIRA
ZENA,SHIREEN
ZENA,SHIRI
ZENA,SHIRIN
ZENA,SHIRLEY
ZENA,SHIRO
ZENA,SHOSHANA
ZENA,SHUANET
ZENA,SIBEL
ZENA,SIBYLA
ZENA,SIDONIA
ZENA,SIDÓNIA
ZENA,SIDONIE
ZENA,SIDRA
ZENA,SIEGLINDA
ZENA,SIEGLINDE
ZENA,SIEGRID
ZENA,SIENNA
ZENA,SIERRA
ZENA,SIGAL
ZENA,SIGOURNEY
ZENA,SIGRID
ZENA,SILVA
ZENA,SILVANA
ZENA,SILVESTRA
ZENA,SILVIA
ZENA,SILVIE
ZENA,SILVIJA
ZENA,SIMDŽONG
ZENA,SIMEONA
ZENA,SIMONA
ZENA,SIMONETA
ZENA,SIMONETTA
ZENA,SIMONNE
ZENA,SINDY
ZENA,SINIKA
ZENA,SINTHIA
ZENA,SIRIA
ZENA,SIRMA
ZENA,SISA
ZENA,SISI
ZENA,SISSI
ZENA,SISTINE
ZENA,SÍTA
ZENA,SKARLET
ZENA,SKARLETA
ZENA,SKYLA
ZENA,SKYLAR
ZENA,SLAVĚNA
ZENA,SLAVICA
ZENA,SLÁVINKA
ZENA,SLAVKA
ZENA,SLÁVKA
ZENA,SLAVOMILA
ZENA,SLAVOMÍRA
ZENA,SLOBODANKA
ZENA,SNEŽANA
ZENA,SNĚŽANA
ZENA,SNĚŽENKA
ZENA,SNEŽKA
ZENA,SNIZHANA
ZENA,SNIŽANA
ZENA,SNJEŽANA
ZENA,SNOW
ZENA,SOBĚSLAVA
ZENA,SOFFIA
ZENA,SOFFIE
ZENA,SOFI
ZENA,SOFIA
ZENA,SOFÍA
ZENA,SOFIE
ZENA,SOFIE ANNA
ZENA,SOFIENE
ZENA,SOFIJA
ZENA,SOFIYA
ZENA,SOFJA
ZENA,SOFYA
ZENA,SOILE
ZENA,SOJOUD
ZENA,SÓL
ZENA,SOLANA
ZENA,SOLARIS
ZENA,SOLEY
ZENA,SÓLEY
ZENA,SOLLA
ZENA,SOLOMIA
ZENA,SOLANGE
ZENA,SOLOMIJA
ZENA,SOLONGO
ZENA,SOLUNN
ZENA,SOŇA
ZENA,SONIA
ZENA,SONJA
ZENA,SOŇJA
ZENA,SONYA
ZENA,SOPHIA
ZENA,SOPHIA-LILIANA
ZENA,SOPHIE
ZENA,SOPHIELLA
ZENA,SOPHORA
ZENA,SOPHY
ZENA,SORY
ZENA,SORAYA
ZENA,SORIA
ZENA,SORYA
ZENA,SOWIA
ZENA,SOTIRA
ZENA,SOVIA
ZENA,STACEY
ZENA,STAMATIA
ZENA,STANA
ZENA,STÁŇA
ZENA,STANIKA
ZENA,STANISLAVA
ZENA,STANISLAWA
ZENA,STANISŁAWA
ZENA,STASY
ZENA,STAŠA
ZENA,STÁŠA
ZENA,STAVRULA
ZENA,STÁZA
ZENA,STEFANI
ZENA,STEFANIA
ZENA,STEFÁNIA
ZENA,STEFANIE
ZENA,STEFANIJA
ZENA,STEFANY
ZENA,STEFFANY
ZENA,STEFKA
ZENA,STELA
ZENA,STELLA
ZENA,STELLY
ZENA,STEPHANIE
ZENA,STÉPHANIE
ZENA,STEPHANY
ZENA,STERIANI
ZENA,STINA
ZENA,STOJANKA
ZENA,STORMI
ZENA,SUDARSHANA
ZENA,SUELLA
ZENA,SUGAR
ZENA,SUHITA
ZENA,SULA
ZENA,SULFIA
ZENA,SULTANA
ZENA,SUMITRA
ZENA,SUNČICA
ZENA,SUNEE
ZENA,SURADUHITA
ZENA,SURIA
ZENA,SURIANI
ZENA,SURYA
ZENA,SUSAN
ZENA,SUSANA
ZENA,SUSANNA
ZENA,SUSANNE
ZENA,SUZAN
ZENA,SUZANA
ZENA,SUZANNA
ZENA,SUZANNE
ZENA,SUZANNE-MARIE
ZENA,SVATA
ZENA,SVATAVA
ZENA,SVATOMÍRA
ZENA,SVATOSLAVA
ZENA,SVATUŠE
ZENA,SVATUŠKA
ZENA,SVENJA
ZENA,SVĚTLA
ZENA,SVETLANA
ZENA,SVĚTLANA
ZENA,SVĚTLUŠE
ZENA,SVĚTLUŠKA
ZENA,SVĚTOSLAVA
ZENA,SVIATLANA
ZENA,SVITLANA
ZENA,SVJETLANA
ZENA,SYLVA
ZENA,SYLVANA
ZENA,SYLVESTRA
ZENA,SYLVIA
ZENA,SYLVINA
ZENA,SYLWIA
ZENA,SYNTHIA
ZENA,SYRMO
ZENA,SYUZANNA
ZENA,ŠARKA
ZENA,ŠÁRKA
ZENA,ŠARLOTA
ZENA,ŠAROLTA
ZENA,ŠIMONA
ZENA,ŠIRÍN
ZENA,ŠÍRÍN
ZENA,ŠKOLASTIKA
ZENA,ŠOŠA
ZENA,ŠOŠANA
ZENA,ŠPELA
ZENA,ŠTEFANA
ZENA,ŠTEFANIA
ZENA,ŠTEFÁNIA
ZENA,ŠTEFANIE
ZENA,ŠTEFÁNIE
ZENA,ŠTEFANKA
ZENA,ŠTĚPA
ZENA,ŠTĚPÁNA
ZENA,ŠTĚPÁNKA
ZENA,TABEA
ZENA,TABITA
ZENA,TABITHA
ZENA,TAIRA
ZENA,TAISA
ZENA,TAISIA
ZENA,TAISIJA
ZENA,TAJA
ZENA,TALI
ZENA,TALIA
ZENA,TALIANA
ZENA,TALYA
ZENA,TAM
ZENA,TAMAR
ZENA,TÁMAR
ZENA,TAMARA
ZENA,TAMIA
ZENA,TAMIKA
ZENA,TAMILA
ZENA,TAMILLA
ZENA,TAŇA
ZENA,TÁŇA
ZENA,TANIA
ZENA,TANINA
ZENA,TANISHA
ZENA,TANITA
ZENA,TANJA
ZENA,TANNU
ZENA,TÁRA
ZENA,TARJA
ZENA,TASNEEM
ZENA,TAŤANA
ZENA,TAŤÁNA
ZENA,TATEV
ZENA,TATEVIK
ZENA,TATIANA
ZENA,TATJANA
ZENA,TAŤJANA
ZENA,TAŤJÁNA
ZENA,TATYANA
ZENA,TAURIEL
ZENA,TAYLA
ZENA,TAYLAH
ZENA,TEA
ZENA,TÉA
ZENA,TEKLA
ZENA,TELMA
ZENA,TEMARI
ZENA,TEMPEST
ZENA,TENA
ZENA,TENE
ZENA,TEODORA
ZENA,TEONA
ZENA,TERESA
ZENA,TERESIA
ZENA,TERESIE
ZENA,TERESSA
ZENA,TEREZA
ZENA,TEREZIA
ZENA,TERÉZIA
ZENA,TEREZIE
ZENA,TERÉZIE
ZENA,TEREZKA
ZENA,TERRI
ZENA,TESS
ZENA,TESSA
ZENA,TESSIE
ZENA,TESSY
ZENA,TEŤANA
ZENA,TETIANA
ZENA,TETJANA
ZENA,TETYANA
ZENA,TEUTA
ZENA,TEVI
ZENA,TEYA
ZENA,TEYLA
ZENA,THALI
ZENA,THALIA
ZENA,THANINA
ZENA,THAO MY
ZENA,THÉA
ZENA,THEADORA
ZENA,THELMA
ZENA,THEMA
ZENA,THEODORA
ZENA,THEOPHANU
ZENA,THERESA
ZENA,THERESE
ZENA,THERESIA
ZENA,THEREZIA
ZENA,THIA
ZENA,THORA
ZENA,THORI
ZENA,TOURAYA
ZENA,THUY
ZENA,THUYTIEN
ZENA,THY
ZENA,TIA
ZENA,TIANA
ZENA,TIANNYAO
ZENA,TIANYAO
ZENA,TIARA
ZENA,TIFANY
ZENA,TIFFANY
ZENA,TIJANA
ZENA,TILIA
ZENA,TILKA
ZENA,TILLY
ZENA,TIMEA
ZENA,TÍMEA
ZENA,TIMEO
ZENA,TIMOTEA
ZENA,TINA
ZENA,TISHA
ZENA,TIWALOLA
ZENA,TIYA
ZENA,TIZIANA
ZENA,TOGZHAN
ZENA,TOMÁŠKA
ZENA,TOMIRIS
ZENA,TONIČKA
ZENA,TONJA
ZENA,TONKA
ZENA,TORI
ZENA,TORIANA
ZENA,TORIE
ZENA,TRAUTE
ZENA,TRENITA
ZENA,TREVA
ZENA,TRILLIAN
ZENA,TRINA
ZENA,TRINNA
ZENA,TRISKA
ZENA,TRUC
ZENA,TRUDA
ZENA,TRUDY
ZENA,TRUE
ZENA,TUILELAITH
ZENA,TÜNDE
ZENA,TUULI
ZENA,TUYET NHI
ZENA,TYA
ZENA,TYNA
ZENA,TÝNA
ZENA,TZIPI
ZENA,ŤANKA
ZENA,ULIANA
ZENA,ULJANA
ZENA,ULRIKA
ZENA,ULRIKE
ZENA,ULYANA
ZENA,UMAY
ZENA,UMWIZA
ZENA,UNA
ZENA,ÜNZILE
ZENA,URANIA
ZENA,URSULA
ZENA,URSZULA
ZENA,URŠA
ZENA,URŠULA
ZENA,UVA
ZENA,UYANGA
ZENA,UYEN
ZENA,VAANI
ZENA,VÁCLAVA
ZENA,VÁCLAVKA
ZENA,VAIANA
ZENA,VAIŠNAVÍ
ZENA,VALBURGA
ZENA,VALDEMARA
ZENA,VALENTINA
ZENA,VALENTÍNA
ZENA,VALENTYNA
ZENA,VALENTÝNA
ZENA,VALERIA
ZENA,VALÉRIA
ZENA,VALERIANA
ZENA,VALÉRIE
ZENA,VALERIIA
ZENA,VALERIJA
ZENA,VALERIYA
ZENA,VALESKA
ZENA,VALI
ZENA,VALJA
ZENA,VALLERIE
ZENA,VALLERY
ZENA,VALPURGA
ZENA,VALTRAUD
ZENA,VALTRAUDA
ZENA,VANDA
ZENA,VANES
ZENA,VANESA
ZENA,VANESS
ZENA,VANESSA
ZENA,VARDA
ZENA,VART
ZENA,VARTE
ZENA,VARVARA
ZENA,VARY
ZENA,VASANTI
ZENA,VASILA
ZENA,VASILIE
ZENA,VASILIKA
ZENA,VASILIKI
ZENA,VASILINA
ZENA,VASILISA
ZENA,VASILKA
ZENA,VASYLYNA
ZENA,VĚDA
ZENA,VĚDUNA
ZENA,VĚDUNKA
ZENA,VEISINIA
ZENA,VĚKOSLAVA
ZENA,VELENA
ZENA,VELESLAVA
ZENA,VELIČKA
ZENA,VĚNA
ZENA,VENCESLAVA
ZENA,VĚNCESLAVA
ZENA,VENDELÍNA
ZENA,VENDULA
ZENA,VENDULKA
ZENA,VENETA
ZENA,VENEZIA
ZENA,VĚNKA
ZENA,VENTY
ZENA,VENUŠE
ZENA,VENUŠKA
ZENA,VERA
ZENA,VĚRA
ZENA,VERED
ZENA,VERENA
ZENA,VERKA
ZENA,VERIANA
ZENA,VĚRKA
ZENA,VERONA
ZENA,VERONIA
ZENA,VERONICA
ZENA,VERÓNICA
ZENA,VERONICA-MARIA
ZENA,VERONIKA
ZENA,VERONIKI
ZENA,VÉRONIQUE
ZENA,VĚROSLAVA
ZENA,VĚRUŠKA
ZENA,VĚSLAVA
ZENA,VESNA
ZENA,VESPER
ZENA,VIAN
ZENA,VIANNA
ZENA,VICA
ZENA,VICTORIA
ZENA,VICTORIE
ZENA,VICTORY
ZENA,VIERA
ZENA,VIERKA
ZENA,VIEROSLAVA
ZENA,VIJA
ZENA,VIKA
ZENA,VIKKI
ZENA,VIKTORIA
ZENA,VIKTÓRIA
ZENA,VIKTORIE
ZENA,VIKTÓRIE
ZENA,VIKTORIE-LIA
ZENA,VIKTORIE-MALIA
ZENA,VIKTORIIA
ZENA,VIKTORIJA
ZENA,VIKTORIYA
ZENA,VIKTORKA
ZENA,VIKY
ZENA,VILEMA
ZENA,VILÉMA
ZENA,VILEMINA
ZENA,VILEMÍNA
ZENA,VILÉMINA
ZENA,VILMA
ZENA,VILUŠE
ZENA,VILUŠKA
ZENA,VIMALA
ZENA,VINCENCIA
ZENA,VINCENCIE
ZENA,VIOLA
ZENA,VIOLA-KRISTINA
ZENA,VIOLET
ZENA,VIOLETA
ZENA,VIOLETT
ZENA,VIOLETTA
ZENA,VIOLETTE
ZENA,VIOLKA
ZENA,VIORICA
ZENA,VIRA
ZENA,VIRGINIA
ZENA,VIRGINIE
ZENA,VITA
ZENA,VÍTA
ZENA,VÍŤA
ZENA,VITALIJA
ZENA,VITALINA
ZENA,VITĚZSLAVA
ZENA,VÍTĚZSLAVA
ZENA,VITTORIA
ZENA,VIVA
ZENA,VIVIANA
ZENA,VIVIANE
ZENA,VIVIANNA
ZENA,VIVIANNE
ZENA,VIVIENNE
ZENA,VIVIETTE
ZENA,VLADANA
ZENA,VLADĚNA
ZENA,VLADIMÍRA
ZENA,VLADISLAVA
ZENA,VLADKA
ZENA,VLAĎKA
ZENA,VLADLENA
ZENA,VLADYA
ZENA,VLADYSLAVA
ZENA,VLASTI
ZENA,VLASTIMILA
ZENA,VLASTIMÍRA
ZENA,VLASTISLAVA
ZENA,VOJTĚCHA
ZENA,VOJTĚŠKA
ZENA,VOLHA
ZENA,VORŠILA
ZENA,VRATISLAVA
ZENA,VRINDAVANI
ZENA,VRONA
ZENA,VY
ZENA,WALBURGA
ZENA,WALDEMARA
ZENA,WALDTRAUD
ZENA,WALDTRAUT
ZENA,WALENTYNA
ZENA,WALERIA
ZENA,WALERIE
ZENA,WALTRAUD
ZENA,WALTRAUDA
ZENA,WALTRAUT
ZENA,WANDA
ZENA,WANESA
ZENA,WANJIKU
ZENA,WENDULA
ZENA,WERA
ZENA,WERONIKA
ZENA,WIESLAWA
ZENA,WIESŁAWA
ZENA,WIKTORIA
ZENA,WILLOW
ZENA,WILMA
ZENA,WIOLETTA
ZENA,WLADYSLAWA
ZENA,WŁADYSŁAWA
ZENA,WOLFRUN
ZENA,XANDRA
ZENA,XANTHE
ZENA,XANTI
ZENA,XENIA
ZENA,XÉNIA
ZENA,XENIE
ZENA,XENIJA
ZENA,XIA
ZENA,XITLALLI
ZENA,YAARA
ZENA,YAHLI
ZENA,YANA
ZENA,YANITA
ZENA,YARA
ZENA,YASMEEN
ZENA,YASMIN
ZENA,YASMINA
ZENA,YASMINE
ZENA,YAZMIN
ZENA,YEKATERINA
ZENA,YEMAYA
ZENA,YESIM
ZENA,YEVHENIYA
ZENA,YIFAT
ZENA,YIJIE
ZENA,YITTY
ZENA,YLONA
ZENA,YOGINI
ZENA,YOLANDA
ZENA,YOLANDI
ZENA,YOSADARA
ZENA,YSABEL
ZENA,YUI
ZENA,YULI
ZENA,YULIA
ZENA,YULIANNA
ZENA,YULIYA
ZENA,YUMI
ZENA,YUNA
ZENA,YUSRA
ZENA,YUZU
ZENA,YVAINE
ZENA,YVETA
ZENA,YVETTA
ZENA,YVETTE
ZENA,YVONA
ZENA,YVONNA
ZENA,YVONNE
ZENA,YWETA
ZENA,YWETTA
ZENA,ZABELLE
ZENA,ZAFIRIA
ZENA,ZAHA
ZENA,ZAHRA
ZENA,ZAIRA
ZENA,ZAKIYAH
ZENA,ZALA
ZENA,ZANA
ZENA,ZANZI
ZENA,ZARA
ZENA,ZAREEN
ZENA,ZARETA
ZENA,ZARI
ZENA,ZARIA
ZENA,ZARIN
ZENA,ZARINA
ZENA,ZARIYAH
ZENA,ZARJA
ZENA,ZARRA
ZENA,ZARUHI
ZENA,ZAVI
ZENA,ZAYA
ZENA,ZAYANA
ZENA,ZAZIE
ZENA,ZBYŇKA
ZENA,ZDARA
ZENA,ZDENA
ZENA,ZDEŇA
ZENA,ZDĚNA
ZENA,ZDENIČKA
ZENA,ZDENKA
ZENA,ZDEŇKA
ZENA,ZDĚNKA
ZENA,ZDISLAVA
ZENA,ZDRAVKA
ZENA,ZEHAVA
ZENA,ZEHAVIT
ZENA,ZEINA
ZENA,ZEINAB
ZENA,ZEMFIRA
ZENA,ZEMRIE
ZENA,ZEPHANI
ZENA,ZEYA
ZENA,ZEYNEP
ZENA,ZEYNET
ZENA,ZHANNA
ZENA,ZHENAI
ZENA,ZIARA
ZENA,ZINA
ZENA,ZINAIDA
ZENA,ZINAJDA
ZENA,ZINOČKA
ZENA,ZITA
ZENA,ZIVA
ZENA,ZLATA
ZENA,ZLAŤA
ZENA,ZLATAVA
ZENA,ZLATICA
ZENA,ZLATICE
ZENA,ZLATKA
ZENA,ZLATOMILA
ZENA,ZLATOMÍRA
ZENA,ZLATOSLAVA
ZENA,ZLATUŠE
ZENA,ZLATUŠKA
ZENA,ZOË
ZENA,ZOÉ
ZENA,ZOEL
ZENA,ZOELLA
ZENA,ZOEY
ZENA,ZOEYA
ZENA,ZOFIA
ZENA,ZOI
ZENA,ZOJA
ZENA,ZOOEY
ZENA,ZORA
ZENA,ZORANA
ZENA,ZORAYA
ZENA,ZORIA
ZENA,ZORICA
ZENA,ZORJANA
ZENA,ZORKA
ZENA,ZORYANA
ZENA,ZOYA
ZENA,ZSÓFIA
ZENA,ZULFIJA
ZENA,ZURI
ZENA,ZUZA
ZENA,ZUZANA
ZENA,ZUZANKA
ZENA,ZUZANNA
ZENA,ZUZKA
ZENA,ŽAKELINA
ZENA,ŽAKELÍNA
ZENA,ŽAKLINA
ZENA,ŽALJA
ZENA,ŽANA
ZENA,ŽANET
ZENA,ŽANETA
ZENA,ŽANNA
ZENA,ŽASMINA
ZENA,ŽELMÍRA
ZENA,ŽEŇA
ZENA,ŽIVA
ZENA,ŽIVANA
ZENA,ŽOFIA
ZENA,ŽOFIE
MUZ,AADAR
MUZ,AAMIR
MUZ,AARAV
MUZ,AARON
MUZ,AARON-JON
MUZ,AASIM
MUZ,ABBAS
MUZ,ABDALLA
MUZ,ABDALLAH
MUZ,ABDELKADER
MUZ,ABDIEL
MUZ,ABDO
MUZ,ABDUL
MUZ,ABDUL-HAKEEM
MUZ,ABDULLA
MUZ,ABDULLAH
MUZ,ABDULMALEK
MUZ,ABDULRAHMAN
MUZ,ABHAY
MUZ,ABIJÁŠ
MUZ,ABRAHAM
MUZ,ABRAHÁM
MUZ,ADALBERT
MUZ,ADAM
MUZ,ÁDÁM
MUZ,ADAM-RAZA
MUZ,ADE
MUZ,ADEGBOYEGA
MUZ,ADEI
MUZ,ADEM
MUZ,ADHAM
MUZ,ADIAN
MUZ,ADIL
MUZ,ADNAN
MUZ,ADOLF
MUZ,ADONIS
MUZ,ADRIÁN
MUZ,ADRIANO
MUZ,ADRIAS
MUZ,ADRIK
MUZ,ADVIK
MUZ,ADYAN
MUZ,AĎO
MUZ,AEDAN
MUZ,AENEAS
MUZ,AFONSO
MUZ,AFRIM
MUZ,AGAMJOT
MUZ,AGASI
MUZ,AGIM
MUZ,AGNIVESH
MUZ,AGUNG
MUZ,AGUSTIN
MUZ,AHLIDDIN
MUZ,AHMAD
MUZ,AHMED
MUZ,AHMET
MUZ,ACHIKE
MUZ,ACHILEAS
MUZ,ACHILLE
MUZ,ACHILLEAS
MUZ,ACHMED
MUZ,AIDAR
MUZ,AIZEN
MUZ,AJAY
MUZ,AKANDE
MUZ,AKEEM
MUZ,AKIM
MUZ,AKIMTOMIWA
MUZ,AKITO
MUZ,AKIYOSHI
MUZ,AKONUCHE
MUZ,AKRAM
MUZ,ALADAR
MUZ,ALADÁR
MUZ,ALAIN
MUZ,ALAN
MUZ,ALARIC
MUZ,ALBAN
MUZ,ALBERT
MUZ,ALBERTO
MUZ,ALBIN
MUZ,ALBÍN
MUZ,ALBRECHT
MUZ,ALBUS
MUZ,ALDEBARAN
MUZ,ALDENOR
MUZ,ALDO
MUZ,ALDOUS
MUZ,ALEC
MUZ,ALEJANDRO
MUZ,ALEK
MUZ,ALEKI
MUZ,ALEKOS
MUZ,ALEKS
MUZ,ALEKSA
MUZ,ALEKSANDAR
MUZ,ALEKSANDER
MUZ,ALEKSANDR
MUZ,ALEKSEJ
MUZ,ALEKSI
MUZ,ALEN
MUZ,ALESSANDRO
MUZ,ALESSIO
MUZ,ALEŠ
MUZ,ALEXANDAR
MUZ,ALEXANDER
MUZ,ALEXANDR
MUZ,ALEXANDRO
MUZ,ALEXANDROS
MUZ,ALEXANDRU
MUZ,ALEXEI
MUZ,ALEXEJ
MUZ,ALEXEY
MUZ,ALEXIOS
MUZ,ALEXIUS
MUZ,ALFIE
MUZ,ALFONS
MUZ,ALFONZ
MUZ,ALFRED
MUZ,ALFRÉD
MUZ,ALFREDO
MUZ,ALGIERD
MUZ,ALÍ
MUZ,ALIAKSANDR
MUZ,ALIEU
MUZ,ALII
MUZ,ALIM
MUZ,ALJOŠA
MUZ,ALLAH
MUZ,ALLAN
MUZ,ALLEN
MUZ,ALLEX
MUZ,ALMEDIN
MUZ,ALMIR
MUZ,ALOIZ
MUZ,ALOJZ
MUZ,ALON
MUZ,ALPARSLAN
MUZ,ALTAI
MUZ,ALTAY
MUZ,ÁLVARO
MUZ,ALVIN
MUZ,AMADOU
MUZ,AMAR
MUZ,AMBRÓZ
MUZ,AMBROŽ
MUZ,AMEDEO
MUZ,AMAEL
MUZ,AMAËL
MUZ,AMER
MUZ,AMICHAI
MUZ,AMIN
MUZ,AMINE
MUZ,AMIR
MUZ,AMÍR
MUZ,ÁMIR
MUZ,AMITAI
MUZ,AMJAD
MUZ,AMMAR
MUZ,AMNON
MUZ,AMOLEMO
MUZ,AMOS
MUZ,ÁMOS
MUZ,AMOSA
MUZ,AMR
MUZ,AMSCHEL
MUZ,ANAKIN
MUZ,ANAR
MUZ,ANAS
MUZ,ANASTASIOS
MUZ,ANASTASIS
MUZ,ANATOL
MUZ,ANATOLI
MUZ,ANATOLII
MUZ,ANATOLIJ
MUZ,ANATOLY
MUZ,ANDĚLÍN
MUZ,ANDĚLOSLAV
MUZ,ANDER
MUZ,ANDONIS
MUZ,ANDOR
MUZ,ANDRANIK
MUZ,ANDRÁS
MUZ,ANDRÁŠ
MUZ,ANDRE
MUZ,ANDREAS
MUZ,ANDREI
MUZ,ANDREJ
MUZ,ANDRES
MUZ,ANDRÉS
MUZ,ANDREW
MUZ,ANDREY
MUZ,ANDRIAN
MUZ,ANDRIES
MUZ,ANDRII
MUZ,ANDRIJ
MUZ,ANDRIJA
MUZ,ANDRIY
MUZ,ANDRO
MUZ,ANDRZEJ
MUZ,ANESTIS
MUZ,ANGELO
MUZ,ANH DUC
MUZ,ANIS
MUZ,ANSELM
MUZ,ANSON
MUZ,ANTAL
MUZ,ANTHONY
MUZ,ANTOINE
MUZ,ANTON
MUZ,ANTONI
MUZ,ANTONIN
MUZ,ANTONÍN
MUZ,ANTONINO
MUZ,ANTONIO
MUZ,ANTÓNIO
MUZ,ANTONIOS
MUZ,ANTONIS
MUZ,ANTONY
MUZ,APOSTOLOS
MUZ,ARAM
MUZ,ARAMIS
MUZ,ARAN
MUZ,ARBEN
MUZ,ARBËR
MUZ,ARBI
MUZ,ARČI
MUZ,ARDIAN
MUZ,AREN
MUZ,ARCHIE
MUZ,ARCHIL
MUZ,ARCHIMEDES
MUZ,ARIE
MUZ,ARIEN
MUZ,ARIF
MUZ,ARIJAN
MUZ,ARIK
MUZ,ARINDAM
MUZ,ARION
MUZ,ARIS
MUZ,ARISTIDIS
MUZ,ARISTOTELIS
MUZ,ARKADIJ
MUZ,ARKADIUSZ
MUZ,ARMAN
MUZ,ARMAND
MUZ,ARMANDO
MUZ,ARMEN
MUZ,ARMEND
MUZ,ARMÍN
MUZ,ARNALDO-CESARE
MUZ,ARNE
MUZ,ARNES
MUZ,ARNO
MUZ,ARNOLD
MUZ,ARNOŠT
MUZ,ARNULF
MUZ,ARNY
MUZ,ARON
MUZ,ÁRON
MUZ,ARPAD
MUZ,ARPÁD
MUZ,ÁRPÁD
MUZ,ARRAN
MUZ,ARRIAN
MUZ,ARRON
MUZ,ARROW
MUZ,ARSAN
MUZ,ARSEN
MUZ,ARSENIJ
MUZ,ARSENY
MUZ,ARSIM
MUZ,ARTAK
MUZ,ARTAN
MUZ,ARTASHES
MUZ,ARTEM
MUZ,ARTĚM
MUZ,ARTEMIJ
MUZ,ARTHUR
MUZ,ARTHUR-RICHARD
MUZ,ARTIOM
MUZ,ARTJOM
MUZ,ARŤOM
MUZ,ARTUK
MUZ,ARTUR
MUZ,ARTUŠ
MUZ,ARTYOM
MUZ,ARVID
MUZ,ARVIND
MUZ,ARVO
MUZ,ARYAN
MUZ,ASAD
MUZ,ASAF
MUZ,ASEN
MUZ,ASHOT
MUZ,ASLAN
MUZ,ASSAF
MUZ,ASTERIX
MUZ,AŠOT
MUZ,ATANAS
MUZ,ATANASIOS
MUZ,ATANASIS
MUZ,ATHANAS
MUZ,ATHANASIOS
MUZ,ATIF-RAZA
MUZ,ATILA
MUZ,ATLAN
MUZ,ATLAS
MUZ,ATREJ
MUZ,ATREY
MUZ,ATTILA
MUZ,ATTILIO
MUZ,ATUM
MUZ,AUGUST
MUZ,AUGUSTIN
MUZ,AUGUSTÍN
MUZ,AUGUSTO
MUZ,AUGUSTÝN
MUZ,AUM
MUZ,AURANGZEB
MUZ,AUREL
MUZ,AURELIAN
MUZ,AURELIÁN
MUZ,AURELIEN
MUZ,AURELIO
MUZ,AURO
MUZ,AUSTIN
MUZ,AVIDAN
MUZ,AVIEL
MUZ,AVIEN
MUZ,AVIGDOR
MUZ,AVIN
MUZ,AVNER
MUZ,AVYAAN
MUZ,AXIEL
MUZ,AVYAN
MUZ,AYAN
MUZ,AYAS
MUZ,AYAZ
MUZ,AYDEN
MUZ,AYOUB
MUZ,AYUB
MUZ,AZAT
MUZ,AZIZ
MUZ,AZMI
MUZ,AZRAEL
MUZ,BACH
MUZ,BAJSANGUR
MUZ,BALAM
MUZ,BALDR
MUZ,BALRAM
MUZ,BALRÁM
MUZ,BALTAZAR
MUZ,BAO NAM
MUZ,BARABÁŠ
MUZ,BARRY
MUZ,BARAK
MUZ,BARBAROS
MUZ,BARNABÁŠ
MUZ,BART
MUZ,BARTŁOMIEJ
MUZ,BARTOLOMEJ
MUZ,BARTOLOMĚJ
MUZ,BARTOLOMEU
MUZ,BARUCH
MUZ,BASHAR
MUZ,BASIL
MUZ,BASSAM
MUZ,BASTIAN
MUZ,BASTIEN
MUZ,BATU
MUZ,BAYU
MUZ,BEDRICH
MUZ,BEDŘICH
MUZ,BEKIM
MUZ,BEKIR
MUZ,BÉLA
MUZ,BELO
MUZ,BELLO
MUZ,BEN
MUZ,BENEDICT
MUZ,BENEDIKT
MUZ,BENEŠ
MUZ,BENET
MUZ,BENIAMIN
MUZ,BENITO
MUZ,BENJAMIN
MUZ,BENJAMÍN
MUZ,BENJAMIN-JAN
MUZ,BENNET
MUZ,BENNETT
MUZ,BEREN
MUZ,BERG
MUZ,BENNO
MUZ,BENO
MUZ,BENOÎT-JOSEPH
MUZ,BENYAMIN
MUZ,BERNARD
MUZ,BERNARDO
MUZ,BERND
MUZ,BERND-JAN
MUZ,BERNHARD
MUZ,BERRY
MUZ,BERT
MUZ,BERTHOLD
MUZ,BERTOLD
MUZ,BERTRAM
MUZ,BESIM
MUZ,BEVAN
MUZ,BHÁSKARA
MUZ,BILAL
MUZ,BILGUUN
MUZ,BILL
MUZ,BINIYAM
MUZ,BIRK
MUZ,BISHNU
MUZ,BINYAMIN
MUZ,BIVOJ
MUZ,BJORN
MUZ,BJÖRN
MUZ,BLAHOMIL
MUZ,BLAHOMÍR
MUZ,BLAHOSLAV
MUZ,BLAISE
MUZ,BLAŽEJ
MUZ,BOAZ
MUZ,BOB
MUZ,BOBAN
MUZ,BOBEŠ
MUZ,BODHI
MUZ,BOGAÇ
MUZ,BOGDAN
MUZ,BOGUSŁAW
MUZ,BOHDAN
MUZ,BOHOUŠ
MUZ,BOHUMIL
MUZ,BOHUMÍL
MUZ,BOHUMÍR
MUZ,BOHUSLAV
MUZ,BOHUŠ
MUZ,BOJISLAV
MUZ,BOLEK
MUZ,BOLESLAV
MUZ,BOLESŁAW
MUZ,BONIFÁC
MUZ,BONO
MUZ,BOREK
MUZ,BORIS
MUZ,BORISLAV
MUZ,BORJA
MUZ,BORNA
MUZ,BORYS
MUZ,BOŘEK
MUZ,BOŘÍK
MUZ,BOŘISLAV
MUZ,BOŘIVOJ
MUZ,BOURAK
MUZ,BOŽEJ
MUZ,BOŽEK
MUZ,BOŽETĚCH
MUZ,BOŽIDAR
MUZ,BOŽÍK
MUZ,BOŽISLAV
MUZ,BRADLEY
MUZ,BRADY
MUZ,BRAE
MUZ,BRAEN
MUZ,BRAHIM
MUZ,BRAIEN
MUZ,BRANDON
MUZ,BRANISLAV
MUZ,BRANKO
MUZ,BRAYDEN
MUZ,BRAYEN
MUZ,BRIAN
MUZ,BRONĚK
MUZ,BRONISLAV
MUZ,BRONISŁAW
MUZ,BRUCE
MUZ,BRUNO
MUZ,BRYAN
MUZ,BŘENĚK
MUZ,BŘETISLAV
MUZ,BUBBA
MUZ,BUJTUR
MUZ,BUL
MUZ,BYSTRÍK
MUZ,CADEN
MUZ,CAILEAN
MUZ,CAIRO
MUZ,CALVIN
MUZ,CAMILO
MUZ,CANO
MUZ,CAREEM
MUZ,CAREL
MUZ,CARL
MUZ,CARLO
MUZ,CARLOS
MUZ,CARMINE
MUZ,CARTER
MUZ,CASIANO
MUZ,CASPIAN
MUZ,ĆAZIM
MUZ,CEDRIC
MUZ,CÉDRIC
MUZ,CEDRIK
MUZ,CELESTIN
MUZ,CELESTÝN
MUZ,CEVIN
MUZ,CID
MUZ,CILLIAN
MUZ,CLARK
MUZ,CLAUDIO
MUZ,CLELAND
MUZ,CLOVIS
MUZ,COCHISE
MUZ,COLIN
MUZ,COLLIN
MUZ,COLSTON
MUZ,COLTON
MUZ,CONAN
MUZ,CONG THANH
MUZ,CONNOR
MUZ,CONOR
MUZ,CONSTANTIN
MUZ,COREY
MUZ,CORNELL
MUZ,CORRADO
MUZ,COVINUS
MUZ,CORWIN
MUZ,CRISTIAN
MUZ,CRISTIÁN
MUZ,CRISTIANO
MUZ,CRISTOPHER
MUZ,CSABA
MUZ,CTIBOR
MUZ,CTIMÍR
MUZ,CTIRAD
MUZ,CTISLAV
MUZ,CUONG
MUZ,CVETAN
MUZ,CVETKO
MUZ,CY
MUZ,CYPRIAN
MUZ,CYPRIÁN
MUZ,CYRIL
MUZ,CYRILL
MUZ,CZESLAW
MUZ,CZESŁAW
MUZ,ČENĚK
MUZ,ČESLAV
MUZ,ČESTMÍR
MUZ,DAE
MUZ,DAG
MUZ,DAGOBERT
MUZ,DACHI
MUZ,DAIMOND
MUZ,DAKSH
MUZ,DALIBOR
MUZ,DALIMIL
MUZ,DALIMÍR
MUZ,DAMARI
MUZ,DAMIÁN
MUZ,DAMIANO
MUZ,DAMIEN
MUZ,DAMIJAN
MUZ,DAMIR
MUZ,DAMÍR
MUZ,DAMJAN
MUZ,DAMON
MUZ,DAMYR
MUZ,DANČO
MUZ,DANE
MUZ,DANEŠ
MUZ,DANI
MUZ,DANIAL
MUZ,DANICK
MUZ,DANIËL
MUZ,DÁNIEL
MUZ,DANIELE
MUZ,DANIIL
MUZ,DANIJEL
MUZ,DANIL
MUZ,DANILO
MUZ,DANIS
MUZ,DANKO
MUZ,DANNIEL
MUZ,DANTE
MUZ,DANYLO
MUZ,DAO
MUZ,DAREK
MUZ,DAREN
MUZ,DARIJAN
MUZ,DARIO
MUZ,DARÍO
MUZ,DARIS
MUZ,DARISLAV
MUZ,DARIUS
MUZ,DÁRIUS
MUZ,DARIUSZ
MUZ,DARJAN
MUZ,DARKO
MUZ,DARKON
MUZ,DARREN
MUZ,DARSEN
MUZ,DARYAN
MUZ,DAT
MUZ,DAVE
MUZ,DÁVID
MUZ,DAVI
MUZ,DAVIT
MUZ,DAVOR
MUZ,DAVUT
MUZ,DAWID
MUZ,DEE
MUZ,DEJAN
MUZ,DEMETR
MUZ,DEMIAN
MUZ,DEMIR
MUZ,DENG
MUZ,DENI
MUZ,DENIEL
MUZ,DENIS
MUZ,DĚNIS
MUZ,DENNIS
MUZ,DEREK
MUZ,DERIAN
MUZ,DERICK
MUZ,DERIK
MUZ,DERRICK
MUZ,DESIDER
MUZ,DESIDERIUS
MUZ,DETLEF
MUZ,DĚTMAR
MUZ,DĚTŘICH
MUZ,DEV
MUZ,DEVALA
MUZ,DEVERELL
MUZ,DEVID
MUZ,DEVON
MUZ,DEXTER
MUZ,DEZIDER
MUZ,DEZIDÉR
MUZ,DHANANJAYA
MUZ,DHARMAN
MUZ,DIEGO
MUZ,DIETER
MUZ,DIETMAR
MUZ,DIGBY
MUZ,DIJON
MUZ,DILLAN
MUZ,DIMAŠ
MUZ,DIMITAR
MUZ,DIMITR
MUZ,DIMITRI
MUZ,DIMITRIJ
MUZ,DIMITRIJE
MUZ,DIMITRIOS
MUZ,DIMITRIS
MUZ,DIMO
MUZ,DINO
MUZ,DIO
MUZ,DION
MUZ,DIONIS
MUZ,DIONÝZ
MUZ,DIRK
MUZ,DITMAR
MUZ,DIVIŠ
MUZ,DJORDJE
MUZ,DMITRI
MUZ,DMITRIJ
MUZ,DMITRY
MUZ,DMYTRIJ
MUZ,DMYTRO
MUZ,DOBROMIL
MUZ,DOBROMYSL
MUZ,DOBROMÍR
MUZ,DOBROSLAV
MUZ,DOČO
MUZ,DOMENICO
MUZ,DOMINIC
MUZ,DOMINICK
MUZ,DOMINIK
MUZ,DOMINÍK
MUZ,DONALD
MUZ,DONE
MUZ,DONOVAN
MUZ,DOR
MUZ,DORIÁN
MUZ,DORŽO
MUZ,DOTAN
MUZ,DRAGAN
MUZ,DRAGOSLAV
MUZ,DRAGUTIN
MUZ,DRAHOMIL
MUZ,DRAHOMÍR
MUZ,DRAHOŇ
MUZ,DRAHOSLAV
MUZ,DRAHOŠ
MUZ,DRAHOTÍN
MUZ,DRAKPA
MUZ,DRAVEN
MUZ,DROR
MUZ,DU
MUZ,DUA
MUZ,DUC DUY
MUZ,DUC MANH
MUZ,DULGUUN
MUZ,DUMITRU
MUZ,DUPRINCE
MUZ,DUSTIN
MUZ,DUŠAN
MUZ,DUŠKO
MUZ,DZIANIS
MUZ,DZIYANA
MUZ,EAMONN
MUZ,EBERHARD
MUZ,EBU
MUZ,ECTOR
MUZ,ED
MUZ,EDARD
MUZ,EDDIE
MUZ,EDGAR
MUZ,EDGARD
MUZ,EDIN
MUZ,EDIS
MUZ,EDMON
MUZ,EDMOND
MUZ,EDMUND
MUZ,EDOARDO
MUZ,EDON
MUZ,EDOUARD
MUZ,EDRIK
MUZ,EDUARD
MUZ,EDUÁRD
MUZ,EDUARDO
MUZ,EDVARD
MUZ,EDVIN
MUZ,EDVÍN
MUZ,EDWARD
MUZ,EDWIN
MUZ,EETU
MUZ,EFOSA
MUZ,EFRAIM
MUZ,EFRAJIM
MUZ,EFREN
MUZ,EGON
MUZ,EGOR
MUZ,EHUD
MUZ,EILON
MUZ,EINAR
MUZ,EITAN
MUZ,EIVAR
MUZ,EKI
MUZ,EL
MUZ,ELAD
MUZ,ELANG
MUZ,ELDAR
MUZ,ELEMÉR
MUZ,ELEMÍR
MUZ,ELIAKIM
MUZ,ELIAM
MUZ,ELIÁN
MUZ,ELÍAS
MUZ,ELIASHI
MUZ,ELIASZ
MUZ,ELIÁŠ
MUZ,ELIEZER
MUZ,ELICHAJ
MUZ,ELIJAH
MUZ,ELIJÁŠ
MUZ,ELIM
MUZ,ELIO
MUZ,ELION
MUZ,ELIOT
MUZ,ELIYAH
MUZ,ELJAŠIV
MUZ,ELLIAS
MUZ,ELLING
MUZ,ELM
MUZ,ELMAR
MUZ,ELON
MUZ,ELOY
MUZ,ELVIN
MUZ,ELVIR
MUZ,ELVIS
MUZ,ELYAS
MUZ,ELYES
MUZ,EMAD
MUZ,EMAN
MUZ,EMANUEL
MUZ,EMERICH
MUZ,EMIL
MUZ,EMILIAN
MUZ,EMILIÁN
MUZ,EMILIANO
MUZ,ÉMILIEN
MUZ,EMILIO
MUZ,EMÍLIO
MUZ,EMIN
MUZ,EMIR
MUZ,EMIRU
MUZ,EMMANUEL
MUZ,EMMET
MUZ,EMMETT
MUZ,ENDER
MUZ,ENES
MUZ,ENGELBERT
MUZ,ENIYAN
MUZ,ENKI
MUZ,ENOCK
MUZ,ENOCH
MUZ,ENRICO
MUZ,ENRIKO
MUZ,ENRIQUE
MUZ,ENVER
MUZ,ENZO
MUZ,EPAFRAS
MUZ,ERAGON
MUZ,ERAN
MUZ,ERAZIM
MUZ,EREKLE
MUZ,EREN
MUZ,EREZ
MUZ,ERGUN
MUZ,ERHARD
MUZ,ERHART
MUZ,ERIC
MUZ,ERICK
MUZ,ERICH
MUZ,ERIK
MUZ,ERKAN
MUZ,ERKKI
MUZ,ERLIN
MUZ,ERMIS
MUZ,ERNEST
MUZ,ERNESTO
MUZ,ERNST
MUZ,EROL
MUZ,EROS
MUZ,ERVIN
MUZ,ERVÍN
MUZ,ERWIN
MUZ,ERYK
MUZ,ESKIL
MUZ,ESLAM
MUZ,ESTEBAN
MUZ,ETHAN
MUZ,ETIEN
MUZ,ETIENNE
MUZ,ÉTIENNE
MUZ,ETIOSA
MUZ,EUGEN
MUZ,EUGENIO
MUZ,EUGENIU
MUZ,EUGENIUSZ
MUZ,EUSTACH
MUZ,EVALD
MUZ,EVANGELOS
MUZ,EVGENIJ
MUZ,EVGENIY
MUZ,EVGENY
MUZ,EVYATAR
MUZ,EVŽEN
MUZ,EWALD
MUZ,EYAD
MUZ,EYAL
MUZ,EYAZ
MUZ,EYMEN
MUZ,EZECHIEL
MUZ,EZEJI
MUZ,EZEUDO
MUZ,EZIO
MUZ,FABIAN
MUZ,FABIÁN
MUZ,FABIANO
MUZ,FABIEN
MUZ,FABIO
MUZ,FABRICIO
MUZ,FABRIZIO
MUZ,FADI
MUZ,FADY
MUZ,FAISAL
MUZ,FALLIN
MUZ,FAOLAN
MUZ,FARES
MUZ,FARID
MUZ,FARIS
MUZ,FÁRIS
MUZ,FARUK
MUZ,FATHI
MUZ,FATMIR
MUZ,FAYEZ
MUZ,FEDERICO
MUZ,FEDIR
MUZ,FEDOR
MUZ,FELICIÁN
MUZ,FELIPE
MUZ,FELIX
MUZ,FÉLIX
MUZ,FÉNIX
MUZ,FEODOR
MUZ,FERDINAND
MUZ,FERENC
MUZ,FERHAN
MUZ,FERIT
MUZ,FERNANDO
MUZ,FERZENDE
MUZ,FILHO
MUZ,FILIP
MUZ,FILIPP
MUZ,FILIPPO
MUZ,FILIPPOS
MUZ,FINIST
MUZ,FINK
MUZ,FINTAN
MUZ,FIRAS
MUZ,FJODOR
MUZ,FJÖLNIR
MUZ,FLAVIO
MUZ,FLO
MUZ,FLOKI
MUZ,FLÓKI
MUZ,FLORENTIN
MUZ,FLORIAN
MUZ,FLORIÁN
MUZ,FOTIS
MUZ,FRANCESCO
MUZ,FRANCISC
MUZ,FRANCISCO
MUZ,FRANCISZEK
MUZ,FRANCO
MUZ,FRANCOIS
MUZ,FRANÇOIS
MUZ,FRANK
MUZ,FRANKIE
MUZ,FRANKO
MUZ,FRAŇO
MUZ,FRANTIŠEK
MUZ,FRANTÍŠEK
MUZ,FRANZ
MUZ,FRED
MUZ,FREDERIC
MUZ,FRÉDÉRIC
MUZ,FREDERICK
MUZ,FREDERICO
MUZ,FREDERIK
MUZ,FREDY
MUZ,FREIRE
MUZ,FRENK
MUZ,FRIDO
MUZ,FRIDOLIN
MUZ,FRIDOLÍN
MUZ,FRIDRICH
MUZ,FRIEDRICH
MUZ,FRITZ
MUZ,FRYDERYK
MUZ,FUAD
MUZ,FYODOR
MUZ,GABAR
MUZ,GÁBOR
MUZ,GABRIS
MUZ,GAD
MUZ,GAËL
MUZ,GAGIK
MUZ,GALEN
MUZ,GANDO
MUZ,GARETH
MUZ,GARIK
MUZ,GARY
MUZ,GARYK
MUZ,GASTON
MUZ,GAŠPAR
MUZ,GAŠPER
MUZ,GAYA
MUZ,GEDEON
MUZ,GEJZA
MUZ,GENADIJ
MUZ,GENADY
MUZ,GENNADIJ
MUZ,GENNARO
MUZ,GENTIAN
MUZ,GEOFFREY
MUZ,GEORG
MUZ,GEORGE
MUZ,GEORGES
MUZ,GEORGI
MUZ,GEORGIJ
MUZ,GEORGINO
MUZ,GEORGIOS
MUZ,GEORGIS
MUZ,GEORGY
MUZ,GERALD
MUZ,GERARD
MUZ,GERARDO
MUZ,GERHARD
MUZ,GERHART
MUZ,GERMAN
MUZ,GEROLD
MUZ,GEVORG
MUZ,GÉZA
MUZ,GHASSAN
MUZ,GHEORGHE
MUZ,GIA HUY
MUZ,GIACOMO
MUZ,GIAN
MUZ,GIANCARLO
MUZ,GIANLUCA
MUZ,GIANNI
MUZ,GIDEON
MUZ,GILAD
MUZ,GILBERT
MUZ,GINO
MUZ,GINTER
MUZ,GIOELE
MUZ,GIORA
MUZ,GIORGI
MUZ,GIORGIO
MUZ,GIOVANNI
MUZ,GISBERT
MUZ,GIULIAN
MUZ,GIULIANO
MUZ,GIULIO
MUZ,GIUSEPPE
MUZ,GJERGJ
MUZ,GJON
MUZ,GLEB
MUZ,GLIB
MUZ,GOČE
MUZ,GODRIC
MUZ,GODY
MUZ,GOJKO
MUZ,GONZALO
MUZ,GOR
MUZ,GORAN
MUZ,GORAZD
MUZ,GORDAN
MUZ,GOTHARD
MUZ,GOTTFRIED
MUZ,GRACIAN
MUZ,GRANIT
MUZ,GRANT
MUZ,GREGG
MUZ,GREGOR
MUZ,GREGORY
MUZ,GRIFFIN
MUZ,GRIGOR
MUZ,GRIGORI
MUZ,GRIGORIJ
MUZ,GRIGORY
MUZ,GRZEGORZ
MUZ,GUIDO
MUZ,GUILHERME
MUZ,GUILLERMO
MUZ,GÜNEY
MUZ,GUNNAR
MUZ,GÜNTER
MUZ,GÜNTHER
MUZ,GÜRALP
MUZ,GURAM
MUZ,GUSTAV
MUZ,GUSTÁV
MUZ,GUSTAVO
MUZ,HABIB
MUZ,HAIM
MUZ,HAITHAM
MUZ,HAJK
MUZ,HAKIM
MUZ,HAKOB
MUZ,HALIT
MUZ,HAMID
MUZ,HAMISH
MUZ,HAMZA
MUZ,HANI
MUZ,HANNIBAL
MUZ,HANS
MUZ,HANUS
MUZ,HANUŠ
MUZ,HANY
MUZ,HAO
MUZ,HARALD
MUZ,HAREL
MUZ,HARIPRASAD
MUZ,HARIS
MUZ,HAROLD
MUZ,HARRISON
MUZ,HARRY
MUZ,HARTMUT
MUZ,HARUHIKO
MUZ,HASAN
MUZ,HASSAN
MUZ,HAŠTAL
MUZ,HAVEL
MUZ,HAYK
MUZ,HECTOR
MUZ,HECHMI
MUZ,HEIKO
MUZ,HEINRICH
MUZ,HEINZ
MUZ,HEKTOR
MUZ,HELIODOR
MUZ,HELMUT
MUZ,HELMUTH
MUZ,HENDRIK
MUZ,HENNO
MUZ,HENOCH
MUZ,HENRI
MUZ,HENRICH
MUZ,HENRIK
MUZ,HENRY
MUZ,HENRYK
MUZ,HEORHIY
MUZ,HERBERT
MUZ,HERIBERT
MUZ,HERMAN
MUZ,HERMANN
MUZ,HERTWIG
MUZ,HERWIG
MUZ,HEŘMAN
MUZ,HESHAM
MUZ,HIEN
MUZ,HIEP
MUZ,HIEU
MUZ,HICHAM
MUZ,HIKARU
MUZ,HILAR
MUZ,HILTON
MUZ,HIROTO
MUZ,HOLGER
MUZ,HONZA
MUZ,HORÁC
MUZ,HORST
MUZ,HORYMÍR
MUZ,HOSTIMIL
MUZ,HOSTIVÍT
MUZ,HOUSSAM
MUZ,HOVHANNES
MUZ,HRYHORIJ
MUZ,HUBERT
MUZ,HUGO
MUZ,HULAGU
MUZ,HUMBERTO
MUZ,HUNAIN
MUZ,HUNG
MUZ,HÜSEYIN
MUZ,HUSSAIN
MUZ,HUSSAM
MUZ,HUSSEIN
MUZ,HUU DAT
MUZ,HUZAIFA
MUZ,HVĚZDOSLAV
MUZ,HWIGYUM
MUZ,HYNEK
MUZ,CHAIM
MUZ,CHARALAMBOS
MUZ,CHARBEL
MUZ,CHARILAOS
MUZ,CHARIS
MUZ,CHARLES
MUZ,CHESS
MUZ,CHIAKI
MUZ,CHIBUNDU
MUZ,CHIEN
MUZ,CHIMA
MUZ,CHIMEREMEZE
MUZ,CHINEMEREM
MUZ,CHIP
MUZ,CHRISANFIJ
MUZ,CHRISTIAN
MUZ,CHRISTIÁN
MUZ,CHRISTIANO
MUZ,CHRISTIEN
MUZ,CHRISTO
MUZ,CHRISTOFFER
MUZ,CHRISTOPH
MUZ,CHRISTOPHE
MUZ,CHRISTOPHE-THOMAS
MUZ,CHRISTOPHER
MUZ,CHRISTOS
MUZ,CHRUDOŠ
MUZ,CHRYSILIOS
MUZ,CHRYSTIAN
MUZ,CHURCHILL
MUZ,IAN
MUZ,IASON
MUZ,IASONAS
MUZ,IBRAHIM
MUZ,IDO
MUZ,IDRIS
MUZ,IDRISSA
MUZ,IFIOK
MUZ,IGGI
MUZ,IGGY
MUZ,IGI
MUZ,IGNAC
MUZ,IGNÁC
MUZ,IGNACIO
MUZ,IGNÁT
MUZ,IGOR
MUZ,IHOR
MUZ,IKAIA
MUZ,IKECHUKWU
MUZ,IKER
MUZ,IKIAM
MUZ,ILAN
MUZ,ILAY
MUZ,ILBEK
MUZ,ILIA
MUZ,ILIAN
MUZ,ILIAS
MUZ,ILIR
MUZ,ILKO
MUZ,ILLIA
MUZ,ILLJA
MUZ,ILYA
MUZ,ILYAN
MUZ,ILYAS
MUZ,IMAD
MUZ,IMMANUEL
MUZ,IMRE
MUZ,IMRICH
MUZ,INNOCENC
MUZ,INOCENC
MUZ,INUK
MUZ,IOAN
MUZ,IOANNES
MUZ,IOANNIS
MUZ,ION
MUZ,IONEL
MUZ,IORI
MUZ,IOSIF
MUZ,IRAKLI
MUZ,IRAM
MUZ,IRENEJ
MUZ,IRENEUSZ
MUZ,IRIJ
MUZ,IRMUUN
MUZ,IRVIN
MUZ,ISAAC
MUZ,ISHÁQ
MUZ,ISIDOR
MUZ,ISMAEL
MUZ,ISMAIL
MUZ,ISMOIL
MUZ,ISRAEL
MUZ,ISSAM
MUZ,ISSAY
MUZ,ISSEY
MUZ,ISTVÁN
MUZ,IŠTVAN
MUZ,ITAI
MUZ,ITAMAR
MUZ,ITAY
MUZ,ITZHAK
MUZ,IULIAN
MUZ,IVAN
MUZ,IVÁN
MUZ,IVAR
MUZ,ÍVARR
MUZ,IVAYLO
MUZ,IVO
MUZ,IVOŠ
MUZ,IZAJÁŠ
MUZ,IZAK
MUZ,IZÁK
MUZ,IZEI
MUZ,ISIÁŠ
MUZ,IZIDOR
MUZ,IZMAEL
MUZ,JACEK
MUZ,JACK
MUZ,JACKSON
MUZ,JACOBO
MUZ,JACOPO
MUZ,JACQUES
MUZ,JAD
MUZ,JADEN
MUZ,JÁCHYM
MUZ,JAKE
MUZ,JAKOB
MUZ,JÁKOB
MUZ,JAKOV
MUZ,JAKUB
MUZ,JALAL
MUZ,JAMES
MUZ,JAMESON
MUZ,JAMIL
MUZ,JAMSHID
MUZ,JÁN
MUZ,JAN-DAVID
MUZ,JAN-EDUARD
MUZ,JAN-JAKUB
MUZ,JANEK
MUZ,JAN-IGOR
MUZ,JANIK
MUZ,JANIS
MUZ,JANISLAV
MUZ,JANKO
MUZ,JANNIK
MUZ,JANNIS
MUZ,JANNYS
MUZ,JANO
MUZ,JÁNOS
MUZ,JANOŠ
MUZ,JANUSZ
MUZ,JANUŠ
MUZ,JANYS
MUZ,JAREK
MUZ,JARGAL
MUZ,JARI
MUZ,JARMIL
MUZ,JARO
MUZ,JAROLÍM
MUZ,JAROMIL
MUZ,JAROMIR
MUZ,JAROMÍR
MUZ,JAROSLAV
MUZ,JAROŠ
MUZ,JAROVÍT
MUZ,JASAN
MUZ,JASEN
MUZ,JASMINDER
MUZ,JASON
MUZ,JASOŇ
MUZ,JÁSON
MUZ,JASPER
MUZ,JAVI
MUZ,JAVIER
MUZ,JAYDEN
MUZ,JEFIM
MUZ,JEFFREY
MUZ,JEGOR
MUZ,JECHEZKEL
MUZ,JEN
MUZ,JENS
MUZ,JENSEN
MUZ,JEREMI
MUZ,JEREMIÁŠ
MUZ,JEREMY
MUZ,JERGUŠ
MUZ,JEROME
MUZ,JERONYM
MUZ,JERONÝM
MUZ,JERUSALÉN
MUZ,JERZY
MUZ,JESHUA
MUZ,JESCHUA
MUZ,JESUS
MUZ,JEŠUA
MUZ,JEŠÚA
MUZ,JÉŠUA
MUZ,JEVGENIJ
MUZ,JEVHEN
MUZ,JEVHENIJ
MUZ,JIDENNA
MUZ,JIFTACH
MUZ,JILJÍ
MUZ,JIM
MUZ,JIMI
MUZ,JIMMY
MUZ,JINDŘICH
MUZ,JIŘÍ
MUZ,JIŘÍK
MUZ,JIYONG
MUZ,JOACHIM
MUZ,JOAKIM
MUZ,JOANNIS
MUZ,JOAO
MUZ,JOASH
MUZ,JÓAŠ
MUZ,JOEL
MUZ,JOËL
MUZ,JÓEL
MUZ,JOEY
MUZ,JOHANN
MUZ,JOHANNES
MUZ,JOHN
MUZ,JOHNATHAN
MUZ,JOJI
MUZ,JOKUM
MUZ,JOLAN
MUZ,JONAH
MUZ,JONÁŠ
MUZ,JONATAN
MUZ,JONATÁN
MUZ,JONATHAN
MUZ,JOPPE
MUZ,JORDÁN
MUZ,JORDANIS
MUZ,JORDI
MUZ,JÖRG
MUZ,JORGE
MUZ,JORGOS
MUZ,JORIK
MUZ,JORIS
MUZ,JOSE
MUZ,JOSEF
MUZ,JOSEPH
MUZ,JOSH
MUZ,JOSHUA
MUZ,JOSHUAH
MUZ,JOSIAS
MUZ,JOSIP
MUZ,JOSKA
MUZ,JOŠT
MUZ,JOTARO
MUZ,JOVAN
MUZ,JOVICA
MUZ,JOZEF
MUZ,JÓZEF
MUZ,JUAN
MUZ,JUDAH
MUZ,JUDE
MUZ,JUG
MUZ,JÚKI
MUZ,JULIAN
MUZ,JULIÁN
MUZ,JULIANO
MUZ,JULIJ
MUZ,JULIJAN
MUZ,JULIO
MUZ,JULIUS
MUZ,JÚLIUS
MUZ,JURAJ
MUZ,JURÁŠ
MUZ,JÜRGEN
MUZ,JŰRGEN
MUZ,JURI
MUZ,JURIJ
MUZ,JURO
MUZ,JURU
MUZ,JUSTÍN
MUZ,JUSTYN
MUZ,JUSTÝN
MUZ,JUSUF
MUZ,KAAPO
MUZ,KAEL
MUZ,KAIDEN
MUZ,KAIE
MUZ,KAIO
MUZ,KAITO
MUZ,KAJETÁN
MUZ,KALANI
MUZ,KALEV
MUZ,KALKI
MUZ,KALLEN
MUZ,KALU
MUZ,KALMAN
MUZ,KÁLMÁN
MUZ,KAMAL
MUZ,KAMEL
MUZ,KAMIL
MUZ,KAMILO
MUZ,KANENE
MUZ,KANOA
MUZ,KAONE
MUZ,KARAM
MUZ,KAREEM
MUZ,KAREN
MUZ,KARIM
MUZ,KARÍM
MUZ,KARL
MUZ,KARLHEINZ
MUZ,KARLO
MUZ,KARLOS
MUZ,KASSIÁN
MUZ,KASIM
MUZ,KASPIAN
MUZ,KASSIAN
MUZ,KAŠPAR
MUZ,KAURI
MUZ,KAVI
MUZ,KAYEMBE
MUZ,KAZ
MUZ,KAZIMIERZ
MUZ,KAZIMÍR
MUZ,KEES
MUZ,KEIJI
MUZ,KEMAL
MUZ,KEN
MUZ,KENAN
MUZ,KENNETH
MUZ,KENTO
MUZ,KENYON
MUZ,KEP
MUZ,KEREM
MUZ,KERIM
MUZ,KEVIN
MUZ,KEWIN
MUZ,KHALED
MUZ,KHALID
MUZ,KHALIL
MUZ,KHAN
MUZ,KHOA
MUZ,KHUBAIB
MUZ,KIAAN
MUZ,KIAN
MUZ,KIEN
MUZ,KILIAN
MUZ,KILIÁN
MUZ,KILIEN
MUZ,KILLIEN
MUZ,KIMATHI
MUZ,KIN
MUZ,KIRIL
MUZ,KIRILL
MUZ,KIRO
MUZ,KIZBERT
MUZ,KLAUDIUS
MUZ,KLAUS
MUZ,KLEMENT
MUZ,KLEO
MUZ,KLIMENT
MUZ,KOJI
MUZ,KOLMAN
MUZ,KOLOMAN
MUZ,KONIÁŠ
MUZ,KONRAD
MUZ,KONRÁD
MUZ,KONSTANTIN
MUZ,KONSTANTINOS
MUZ,KONSTANTINS
MUZ,KONŠTANTÍN
MUZ,KORNEL
MUZ,KORNELIUS
MUZ,KOSMAS
MUZ,KOSMO
MUZ,KOSTA
MUZ,KOSTADIN
MUZ,KOSŤANTYN
MUZ,KOSTAS
MUZ,KOSTIANTYN
MUZ,KOU
MUZ,KRASIMIR
MUZ,KRASOŇ
MUZ,KRASOSLAV
MUZ,KRIST
MUZ,KRISTIÁN
MUZ,KRISTIEN
MUZ,KRISTIJAN
MUZ,KRISTOF
MUZ,KRISTOFER
MUZ,KRISTOPHER
MUZ,KRISTYÁN
MUZ,KRIŠTOF
MUZ,KRUNOSLAV
MUZ,KRYSTIAN
MUZ,KRYSTIÁN
MUZ,KRYSTOF
MUZ,KRYŠPÍN
MUZ,KRYŠTOF
MUZ,KRZYSZTOF
MUZ,KŘESOMÍR
MUZ,KŘESOMYSL
MUZ,KŘEŠIMÍR
MUZ,KŘIŠŤAN
MUZ,KUBA
MUZ,KURT
MUZ,KVĚTOMÍR
MUZ,KVETOSLAV
MUZ,KVĚTOSLAV
MUZ,KVĚTOŠ
MUZ,KVIDO
MUZ,KVÍDO
MUZ,KVIRIN
MUZ,KVIRÍN
MUZ,KYLIAN
MUZ,KYLIÁN
MUZ,KYPRIAN
MUZ,KYRIAKOS
MUZ,KYRYLO
MUZ,LACO
MUZ,LAD
MUZ,LADISLAV
MUZ,LAITH
MUZ,LAJOS
MUZ,LAJOŠ
MUZ,LAMBERT
MUZ,LARIS
MUZ,LARS
MUZ,LARSEN
MUZ,LÁSZLÓ
MUZ,LATIMER
MUZ,LATINO
MUZ,LAURENT
MUZ,LAURENTIU
MUZ,LAVIE
MUZ,LAVIN
MUZ,LAZAR
MUZ,LAZARO
MUZ,LÁZARO
MUZ,LAZAROS
MUZ,LEAN
MUZ,LEANDER
MUZ,LEANDRO
MUZ,LE-ČCHIEN
MUZ,LEDIAN
MUZ,LECH
MUZ,LEIB
MUZ,LEIF
MUZ,LEMMY
MUZ,LENHART
MUZ,LÉO
MUZ,LEON
MUZ,LEÓN
MUZ,LÉON
MUZ,LEONARD
MUZ,LEONARDO
MUZ,LEONEL
MUZ,LEONHARD
MUZ,LEONID
MUZ,LEONIDAS
MUZ,LEONTIJ
MUZ,LEONTIN
MUZ,LEOPOLD
MUZ,LEOŠ
MUZ,LEQIAN
MUZ,LERI
MUZ,LEROY
MUZ,LESLAV
MUZ,LESOMA
MUZ,LESZEK
MUZ,LEŠEK
MUZ,LETO
MUZ,LEV
MUZ,LEVAN
MUZ,LEVENTE
MUZ,LEVIN
MUZ,LEVIS
MUZ,LEVON
MUZ,LEWIS
MUZ,LIAM
MUZ,LIBOR
MUZ,LIBOSLAV
MUZ,LIBOŠ
MUZ,LINHARD
MUZ,LINHART
MUZ,LINUS
MUZ,LION
MUZ,LIONEL
MUZ,LIRIDON
MUZ,LIVIO
MUZ,LJUBEN
MUZ,LJUBOMIR
MUZ,LJUBOMÍR
MUZ,LJUBOMYR
MUZ,LLOYD
MUZ,LLUC
MUZ,LOCK
MUZ,LOGI
MUZ,LONG
MUZ,LONGIN
MUZ,LORÁNT
MUZ,LÓRÁNT
MUZ,LORCAN
MUZ,LORD
MUZ,LORENC
MUZ,LORENZ
MUZ,LORENZO
MUZ,LOTAR
MUZ,LOTHAR
MUZ,LOUIS-THÉODORE
MUZ,LOVRO
MUZ,LUAN
MUZ,LUBISLAV
MUZ,LUBOMIL
MUZ,LUBOMIR
MUZ,LUBOMÍR
MUZ,ĽUBOMÍR
MUZ,LUBOR
MUZ,ĽUBOR
MUZ,LUBOSLAV
MUZ,ĽUBOSLAV
MUZ,LUBOŠ
MUZ,ĽUBOŠ
MUZ,LUBUTO
MUZ,LUCAS
MUZ,LUCCA
MUZ,LUCIÁN
MUZ,LUCIANO
MUZ,LUCIENE
MUZ,LUCIUS
MUZ,LUCJAN
MUZ,LUDĚK
MUZ,LUDEVIT
MUZ,LUDEVÍT
MUZ,ĽUDEVIT
MUZ,ĽUDEVÍT
MUZ,LUDOMÍR
MUZ,LUDOVIT
MUZ,LUDOVÍT
MUZ,ĽUDOVIT
MUZ,ĽUDOVÍT
MUZ,LUDVIK
MUZ,LUDVÍK
MUZ,LUDWIG
MUZ,LUI
MUZ,LUIGI
MUZ,LUIS
MUZ,LUKÁČ
MUZ,LUKAS
MUZ,ŁUKASZ
MUZ,LUKÁŠ
MUZ,LUKE
MUZ,LUKEN
MUZ,LUKIJAN
MUZ,LUKKA
MUZ,LUKY
MUZ,LUMÍR
MUZ,LUNGA
MUZ,LUTANDA
MUZ,LUTOBOR
MUZ,LYAM
MUZ,LYAN
MUZ,LYES
MUZ,LYO
MUZ,LYON
MUZ,MACIEJ
MUZ,MAGNUS
MUZ,MAGOMED
MUZ,MAHDI
MUZ,MAHMOUD
MUZ,MAHMUD
MUZ,MAIK
MUZ,MAIKEL
MUZ,MAISUR
MUZ,MAJED
MUZ,MAJK
MUZ,MAJKL
MUZ,MAKAR
MUZ,MAKSAR
MUZ,MAKSIM
MUZ,MAKSYM
MUZ,MAKSYMILIAN
MUZ,MALACHI
MUZ,MALEK
MUZ,MALIK
MUZ,MALTE
MUZ,MALVIN
MUZ,MAMDOUH
MUZ,MANDJOU
MUZ,MANFRED
MUZ,MANFRÉD
MUZ,MANGO
MUZ,MANH
MUZ,MANI
MUZ,MANOL
MUZ,MANOLIS
MUZ,MANSUR
MUZ,MANUEL
MUZ,MANVEL
MUZ,MAPALO
MUZ,MARC
MUZ,MARCEL
MUZ,MARCELLO
MUZ,MARCELO
MUZ,MARCIANO
MUZ,MARCIN
MUZ,MARCOS
MUZ,MARCUS
MUZ,MAREK
MUZ,MARIÁN
MUZ,MÁRIAN
MUZ,MARIJAN
MUZ,MARINO
MUZ,MARIO
MUZ,MÁRIO
MUZ,MARIOS
MUZ,MARIUS
MUZ,MARIUSZ
MUZ,MARJAN
MUZ,MARK
MUZ,MARKIJAN
MUZ,MARKO
MUZ,MARKOS
MUZ,MARKUS
MUZ,MARLON
MUZ,MARON
MUZ,MAROŠ
MUZ,MARPA
MUZ,MARSEL
MUZ,MARSIANO
MUZ,MARTIN
MUZ,MARTÍN
MUZ,MARTINO
MUZ,MARU
MUZ,MARUAN
MUZ,MARVEL
MUZ,MARVIC
MUZ,MARVIN
MUZ,MARVIN
MUZ,MARWAN
MUZ,MARZ
MUZ,MASON
MUZ,MASSA
MUZ,MASSIMILIANO
MUZ,MASSIMO
MUZ,MAT
MUZ,MATAN
MUZ,MATEAS
MUZ,MATEI
MUZ,MATEJ
MUZ,MATĚJ
MUZ,MATEJA
MUZ,MATEO
MUZ,MATES
MUZ,MATEUS
MUZ,MATEUSZ
MUZ,MATEUŠ
MUZ,MATHEO
MUZ,MATHÉO
MUZ,MATHEOS
MUZ,MATHEUS
MUZ,MATHEW
MUZ,MATHIAN
MUZ,MATHIAS
MUZ,MATHIEU
MUZ,MATHIS
MUZ,MATHYAS
MUZ,MATHYS
MUZ,MATIA
MUZ,MATIAS
MUZ,MATÍAS
MUZ,MATIÁŠ
MUZ,MATISSE
MUZ,MATITYAHU
MUZ,MATIU
MUZ,MATOUŠ
MUZ,MATT
MUZ,MATTEO
MUZ,MATTÉO
MUZ,MATTHEO
MUZ,MATTHEW
MUZ,MATTHIAS
MUZ,MATTHIEU
MUZ,MATTIAS
MUZ,MATTY
MUZ,MATUŠ
MUZ,MATÚŠ
MUZ,MATVEJ
MUZ,MATVĚJ
MUZ,MATVEY
MUZ,MATYAS
MUZ,MÁTYÁS
MUZ,MATYÁŠ
MUZ,MAUI
MUZ,MAURICIO
MUZ,MAURIZIO
MUZ,MAURO
MUZ,MAVERICK
MUZ,MAXIAN
MUZ,MAXIÁN
MUZ,MAXIM
MUZ,MAXIMILIAN
MUZ,MAXIMILIÁN
MUZ,MAXIMILIANO
MUZ,MAXIMILIEN
MUZ,MAXIMILLIAN
MUZ,MAXIMO
MUZ,MÁXIMO
MUZ,MAXIMOS
MUZ,MAXIMUS
MUZ,MAXMILIAN
MUZ,MAXMILIÁN
MUZ,MAXMILLIAN
MUZ,MAXWELL
MUZ,MAYO
MUZ,MAYSON
MUZ,MAZEN
MUZ,MEČISLAV
MUZ,MĚČISLAV
MUZ,MEDAN
MUZ,MEDARD
MUZ,MEHDI
MUZ,MEIR
MUZ,MELICHAR
MUZ,MELVIN
MUZ,MENELIK
MUZ,MERARI
MUZ,MERT
MUZ,MET
MUZ,METEHAN
MUZ,METHOD
MUZ,METIN
MUZ,METOD
MUZ,METODĚJ
MUZ,MICK
MUZ,MIECZYSLAW
MUZ,MIECZYSŁAW
MUZ,MIGUEL
MUZ,MIHAI
MUZ,MIHAIL
MUZ,MIHAILO
MUZ,MIHAJLO
MUZ,MIHALIS
MUZ,MIHÁLY
MUZ,MICH
MUZ,MICHAIL
MUZ,MICHAŁ
MUZ,MICHALIS
MUZ,MICHEÁŠ
MUZ,MICHEL
MUZ,MICHELANGELO
MUZ,MIKAEL
MUZ,MIKAIL
MUZ,MIKEL
MUZ,MIKEŠ
MUZ,MIKEY
MUZ,MIKHAIL
MUZ,MIKIAS
MUZ,MIKKEL
MUZ,MIKKO
MUZ,MIKLÓS
MUZ,MIKO
MUZ,MIKOLA
MUZ,MIKOLAJ
MUZ,MIKOŁAJ
MUZ,MIKOLAS
MUZ,MIKOLÁŠ
MUZ,MIKULÁŠ
MUZ,MIKY
MUZ,MILAD
MUZ,MILAN
MUZ,MILÁN
MUZ,MILANO
MUZ,MILENKO
MUZ,MILIČ
MUZ,MILÍČ
MUZ,MILIUS
MUZ,MILIVOJ
MUZ,MILKO
MUZ,MILLIAN
MUZ,MILO
MUZ,MILOMÍR
MUZ,MILOŇ
MUZ,MILORAD
MUZ,MILOS
MUZ,MILOSLAV
MUZ,MILOŠ
MUZ,MILOUŠ
MUZ,MILOVAN
MUZ,MILTON
MUZ,MINAS
MUZ,MINDAUGAS
MUZ,MINH ANH
MUZ,MINH DUC
MUZ,MINHO
MUZ,MIODRAG
MUZ,MIRAN
MUZ,MIRCO
MUZ,MIREK
MUZ,MIRKO
MUZ,MIRLIND
MUZ,MIRON
MUZ,MIROSLAV
MUZ,MIROSŁAW
MUZ,MIROŠ
MUZ,MIRSAD
MUZ,MISHAEL
MUZ,MIŠA
MUZ,MIŠAEL
MUZ,MIŠEL
MUZ,MÍŤA
MUZ,MITAR
MUZ,MITKO
MUZ,MLADEN
MUZ,MNISLAV
MUZ,MOHAB
MUZ,MOHAMAD
MUZ,MOHAMED
MUZ,MOHAMMAD
MUZ,MOHAMMED
MUZ,MOHEB
MUZ,MOJMÍR
MUZ,MOON
MUZ,MORAN
MUZ,MORDECHAJ
MUZ,MORIS
MUZ,MORITZ
MUZ,MORRIS
MUZ,MORRISON
MUZ,MORTIMER
MUZ,MOŘIC
MUZ,MOSHE
MUZ,MOURAD
MUZ,MOUSSA
MUZ,MOUSTAFA
MUZ,MOWGLI
MUZ,MSTISLAV
MUZ,MUHAMMAD
MUZ,MUHAMMAD-ALI
MUZ,MUHAMMED
MUZ,MUCHTAR
MUZ,MUKHAMMED
MUZ,MUNIR
MUZ,MUNIR
MUZ,MURAD
MUZ,MURAT
MUZ,MURFY
MUZ,MUSTAFA
MUZ,MUSTAPHA
MUZ,MYCHAJLO
MUZ,MYKOLA
MUZ,MYKOLAJ
MUZ,MYKYTA
MUZ,MYLAN
MUZ,MYRON
MUZ,MYROSLAV
MUZ,NAASIM
MUZ,NABIL
MUZ,NACER
MUZ,NADAV
MUZ,NADER
MUZ,NADIM
MUZ,NAEL
MUZ,NACHMAN
MUZ,NAIL
MUZ,NAIM
MUZ,NAJM
MUZ,NALIYPULWE
MUZ,NAM
MUZ,NAMAN
MUZ,NAMORY
MUZ,NANYA
MUZ,NAOTO
MUZ,NAREK
MUZ,NAS
MUZ,NASSIM
MUZ,NASER
MUZ,NASREDDIN
MUZ,NATAN
MUZ,NÁTAN
MUZ,NATANIEL
MUZ,NATANIELL
MUZ,NATHANAEL
MUZ,NATHANYEL
MUZ,NATHEN
MUZ,NAVE
MUZ,NAYDAN
MUZ,NAZAR
MUZ,NAZARIJ
MUZ,NAZARIY
MUZ,NEBOJSA
MUZ,NEBOJŠA
MUZ,NEDŽAD
MUZ,NĚHOSLAV
MUZ,NEIL
MUZ,NEKLAN
MUZ,NELSON
MUZ,NEMANJA
MUZ,NENAD
MUZ,NEON
MUZ,NEPOMUCENUS
MUZ,NERIJUS
MUZ,NERO
MUZ,NESTOR
MUZ,NATANEL
MUZ,NEVEN
MUZ,NEVIO
MUZ,NEVO
MUZ,NEXHAT
MUZ,NGHIA
MUZ,NIAM
MUZ,NIALL
MUZ,NIAS
MUZ,NICK
MUZ,NICKOLAS
MUZ,NICOLAE
MUZ,NICOLAI
MUZ,NICOLÁS
MUZ,NICOLAU
MUZ,NICOILLA
MUZ,NICOLO
MUZ,NICOLO'
MUZ,NICOLÓ
MUZ,NIELS
MUZ,NICHOLAS
MUZ,NIK
MUZ,NIKODEM
MUZ,NIKODÉM
MUZ,NIKOLAI
MUZ,NIKOLAJ
MUZ,NIKOLAOS
MUZ,NIKOLAS
MUZ,NIKOLAUS
MUZ,NIKOLAY
MUZ,NIKOLAZ
MUZ,NIKOS
MUZ,NILS
MUZ,NIMAI
MUZ,NIMROD
MUZ,NIO
MUZ,NIR
MUZ,NITAI
MUZ,NIV
MUZ,NIX
MUZ,NIZAR
MUZ,NOE
MUZ,NOÉ
MUZ,NOELL
MUZ,NOHR
MUZ,NOLAN
MUZ,NORBERT
MUZ,NORMAN
MUZ,NORTAN
MUZ,NOVEL
MUZ,NUGROHO
MUZ,NUKA
MUZ,NURADIL
MUZ,NURDAULET
MUZ,NYAN
MUZ,OBI
MUZ,OBINNA
MUZ,OCEAN
MUZ,ODED
MUZ,ODIN
MUZ,ODOLEN
MUZ,ODON
MUZ,ODORICO
MUZ,ODOSA
MUZ,ODYSSEAS
MUZ,ODYSSEUS
MUZ,OFEK
MUZ,OFER
MUZ,OGNJEN
MUZ,OHAD
MUZ,OHŇAN
MUZ,OJÍŘ
MUZ,OKTAVIÁN
MUZ,OLAF
MUZ,OLALEKE
MUZ,OLAOLUWALAFINDARA
MUZ,OLBRAM
MUZ,OLDRICH
MUZ,OLDŘICH
MUZ,OLEG
MUZ,OLEH
MUZ,OLEKSANDR
MUZ,OLEKSII
MUZ,OLEKSIJ
MUZ,OLEKSIY
MUZ,OLEXANDR
MUZ,OLIN
MUZ,ÓLIVER
MUZ,OLIVER-TIBO
MUZ,OLIVIER
MUZ,OLIVIO
MUZ,OLIWER
MUZ,OLIWIER
MUZ,OLUGBALA
MUZ,OLUWASEUN
MUZ,OMAR
MUZ,OMRI
MUZ,ONDRA
MUZ,ONDRASZ
MUZ,ONDRÁŠ
MUZ,ONDREJ
MUZ,ONDŘEJ
MUZ,ONEŠ
MUZ,ONUARAH
MUZ,ONUR
MUZ,ORAL
MUZ,OREN
MUZ,OREST
MUZ,ORESTIS
MUZ,ORLANDO
MUZ,ORLIN
MUZ,ORREN
MUZ,ORSO
MUZ,OSAFO
MUZ,OSAI
MUZ,OSAMA
MUZ,OSCAR
MUZ,OSIRIS
MUZ,OSKAR
MUZ,OSKÁR
MUZ,OSMAN
MUZ,OSTAP
MUZ,OSVALD
MUZ,OSWALD
MUZ,OTAKAR
MUZ,OTARKHAN
MUZ,OTEY
MUZ,OTHMAR
MUZ,OTIS
MUZ,OTMAR
MUZ,OTO
MUZ,OTOKAR
MUZ,OTOKÁR
MUZ,OTOMAR
MUZ,OTON
MUZ,OTTMAR
MUZ,OTTO
MUZ,OTTOKAR
MUZ,OTTOMAR
MUZ,OWE
MUZ,OWEN
MUZ,OZ
MUZ,PAATA
MUZ,PABLO
MUZ,PÁDRAIG
MUZ,PALO
MUZ,PAN
MUZ,PANAGIOTIS
MUZ,PANAJOTIS
MUZ,PANDE
MUZ,PANKRÁC
MUZ,PAOLO
MUZ,PARS
MUZ,PARTH
MUZ,PARTHA
MUZ,PASKAL
MUZ,PATRIC
MUZ,PATRICIO
MUZ,PATRICK
MUZ,PATRIK
MUZ,PATRIZIO
MUZ,PATRYK
MUZ,PAUL
MUZ,PAULO
MUZ,PAVEL
MUZ,PAVITAR
MUZ,PAVLO
MUZ,PAVLOS
MUZ,PAVOL
MUZ,PAWEL
MUZ,PAWEŁ
MUZ,PEDRO
MUZ,PEJO
MUZ,PELEG
MUZ,PELLE
MUZ,PEPIN
MUZ,PEREGRYN
MUZ,PERIKLIS
MUZ,PERRY
MUZ,PERSIVAL
MUZ,PERUN
MUZ,PETAR
MUZ,PETER
MUZ,PÉTER
MUZ,PETKO
MUZ,PETR
MUZ,PETRIŞOR
MUZ,PETRIT
MUZ,PETRO
MUZ,PETROS
MUZ,PETRU
MUZ,PHILIP
MUZ,PHILIPP
MUZ,PHILLIP
MUZ,PHONG
MUZ,PHUNG
MUZ,PIER
MUZ,PIERDOMENICO
MUZ,PIETRO
MUZ,PIOLO
MUZ,PIOTR
MUZ,PIRAT
MUZ,PIUS
MUZ,PLATON
MUZ,PLUTO
MUZ,POMNĚN
MUZ,PONCIÁN
MUZ,PORTO
MUZ,PRAVDOMIL
MUZ,PRAVOMIL
MUZ,PRAVOSLAV
MUZ,PREDRAG
MUZ,PROKOP
MUZ,PŘEMEK
MUZ,PŘEMYSL
MUZ,PŘIBYSLAV
MUZ,PTAH
MUZ,QUADEER
MUZ,QASIM
MUZ,QUAN
MUZ,QUANG
MUZ,QUIDO
MUZ,QUINTUS
MUZ,RA
MUZ,RABEAH
MUZ,RABIE
MUZ,RAD
MUZ,RADAN
MUZ,RADE
MUZ,RADEK
MUZ,RADIM
MUZ,RADIMÍR
MUZ,RADISLAV
MUZ,RADKO
MUZ,RADMIL
MUZ,RADOMIL
MUZ,RADOMIR
MUZ,RADOMÍR
MUZ,RADOSLAV
MUZ,RADOŠ
MUZ,RADOUŠ
MUZ,RADOVAN
MUZ,RADUZ
MUZ,RADÚZ
MUZ,RADVAN
MUZ,RADWAN
MUZ,RAED
MUZ,RAFAŁ
MUZ,RAFFAEL
MUZ,RAFIK
MUZ,RAGNAR
MUZ,RAGHURAM
MUZ,RAHEEM
MUZ,RACHAM
MUZ,RACHID
MUZ,RAIMUND
MUZ,RAINER
MUZ,RAIS
MUZ,RAJESH
MUZ,RAJKO
MUZ,RAJMUND
MUZ,RAKAN
MUZ,RALF
MUZ,RALPH
MUZ,RAM
MUZ,RAMA
MUZ,RAMAN
MUZ,RAMBO
MUZ,RAMDANE
MUZ,RAMEZ
MUZ,RAMI
MUZ,RAMIEL
MUZ,RAMIZ
MUZ,RAMON
MUZ,RAMÓN
MUZ,RAMY
MUZ,RAMZI
MUZ,RANI
MUZ,RANKO
MUZ,RAOUL
MUZ,RAPHAËL
MUZ,RASHKO
MUZ,RASIM
MUZ,RASMUS
MUZ,RASTISLAV
MUZ,RAŠKO
MUZ,RATIBOR
MUZ,RATISLAV
MUZ,RATKO
MUZ,RAUL
MUZ,RAÚL
MUZ,RAVI
MUZ,RAWÁN
MUZ,RAYANE
MUZ,RAYEN
MUZ,RAYMON
MUZ,RAYMOND
MUZ,RAYMUND
MUZ,RAZ
MUZ,REEVES
MUZ,REGINALD
MUZ,REINER
MUZ,REINHARD
MUZ,REINHARDT
MUZ,REINHOLD
MUZ,REMIGIUS
MUZ,REMO
MUZ,REMUS
MUZ,RÉMY
MUZ,RENAT
MUZ,RENÁT
MUZ,RENATO
MUZ,RENDY
MUZ,RENNÉ
MUZ,RENNY
MUZ,RENO
MUZ,REUVEN
MUZ,RIAD
MUZ,RIAN
MUZ,RICARD
MUZ,RICARDO
MUZ,RICCARDO
MUZ,RICK
MUZ,RICHARD
MUZ,RINAL
MUZ,RINAT
MUZ,RINCHEN
MUZ,RISTO
MUZ,ROBERT
MUZ,RÓBERT
MUZ,ROBERTO
MUZ,ROBINSON
MUZ,ROCCO
MUZ,RODAN
MUZ,RODERICK
MUZ,RODERIK
MUZ,RODION
MUZ,RODO
MUZ,RODOLFO
MUZ,RODRIGO
MUZ,ROEE
MUZ,ROEI
MUZ,ROEN
MUZ,ROGER
MUZ,ROCHUS
MUZ,ROI
MUZ,ROLAND
MUZ,ROLANDO
MUZ,ROLEK
MUZ,ROLF
MUZ,ROM
MUZ,ROMAIN
MUZ,ROMAN
MUZ,ROMÁN
MUZ,ROMANO
MUZ,ROMEO
MUZ,ROMUALD
MUZ,RON
MUZ,RONALD
MUZ,RONALDO
MUZ,RONEN
MUZ,ROSARIO
MUZ,ROSS
MUZ,ROSTISLAV
MUZ,ROSTYSLAV
MUZ,ROWAN
MUZ,ROX
MUZ,ROY
MUZ,RSABHADEVA
MUZ,RUANSH
MUZ,RUBEN
MUZ,RUBÉN
MUZ,RUBEN-HUBERT
MUZ,RUDOLF
MUZ,RUDOLPH
MUZ,RUDY
MUZ,RUFIN
MUZ,RUI
MUZ,RUMEN
MUZ,RUPERT
MUZ,RUSLAN
MUZ,RUSSELL
MUZ,RUSTAM
MUZ,RYAN
MUZ,RYLAN
MUZ,RYSZARD
MUZ,ŘEHOŘ
MUZ,SAAD
MUZ,SABIR
MUZ,SABRI
MUZ,SAFET
MUZ,SAFWAT
MUZ,SAGI
MUZ,SAGITAS
MUZ,SACHI
MUZ,SAIMON
MUZ,SAIMU
MUZ,SAJED
MUZ,SAJMON
MUZ,SALAH
MUZ,SALEH
MUZ,SALEM
MUZ,SALIM
MUZ,SALUR
MUZ,SALVADOR
MUZ,SALVATOR
MUZ,SALVÁTOR
MUZ,SALVATORE
MUZ,SALVIÁN
MUZ,SAMAEL
MUZ,SAMER
MUZ,SÁMER
MUZ,SÁMÍ
MUZ,SAMIEN
MUZ,SAMIR
MUZ,SAMÍR
MUZ,SÁMIR
MUZ,SAMRAJ
MUZ,SAMSON
MUZ,SAMU
MUZ,SÁMUEL
MUZ,SAMUELE
MUZ,SAMUELL
MUZ,SAMUIL
MUZ,SAMVEL
MUZ,SAMY
MUZ,SANDOR
MUZ,SÁNDOR
MUZ,SANDRO
MUZ,SANEL
MUZ,SANFORD
MUZ,SANSAR
MUZ,SANTIAGO
MUZ,SANTINO
MUZ,SASUN
MUZ,SAUL
MUZ,SAVAS
MUZ,SAVAŠ
MUZ,SAVELIY
MUZ,SAVIER
MUZ,SAVVA
MUZ,SAVVAS
MUZ,SAWYER
MUZ,SCOTT
MUZ,SCOTTIE
MUZ,SEAN
MUZ,SEBASTIÁN
MUZ,SEBASTIANO
MUZ,SÉBASTIEN
MUZ,SEDRIK
MUZ,SEIF
MUZ,SELBY
MUZ,SELIM
MUZ,SELMAN
MUZ,SEMEN
MUZ,SEMI
MUZ,SEMIH
MUZ,SEMION
MUZ,SEMIR
MUZ,SEMÍR
MUZ,SEMJON
MUZ,SEMYON
MUZ,SENAD
MUZ,SEO
MUZ,SERAFIM
MUZ,SERAFÍN
MUZ,SERGE
MUZ,SERGEI
MUZ,SERGIY
MUZ,SERGEJ
MUZ,SERGEY
MUZ,SERGHEI
MUZ,SERGIJ
MUZ,SERGIO
MUZ,SERGIU
MUZ,SERHIJ
MUZ,SERKAN
MUZ,SERVÁC
MUZ,SERŽ
MUZ,SETH
MUZ,SEVERN
MUZ,SEVAR
MUZ,SEVERIN
MUZ,SEVERÍN
MUZ,SEVERN
MUZ,SHAHMEER
MUZ,SHACHAR
MUZ,SHALEV
MUZ,SHAMIL
MUZ,SHANTANU
MUZ,SHAY
MUZ,SHEM
MUZ,SHIHOON
MUZ,SHIMON
MUZ,SHKELZEN
MUZ,SHLOMO
MUZ,SHMUEL
MUZ,SIDAR
MUZ,SIDDIQUI
MUZ,SIEGBERT
MUZ,SIEGFRIED
MUZ,SIGMUND
MUZ,SIGURDUR
MUZ,SILVÁN
MUZ,SILVANO
MUZ,SILVESTER
MUZ,SILVESTR
MUZ,SILVIO
MUZ,SIMEON
MUZ,SIMRAN
MUZ,SINIŠA
MUZ,SIRELI
MUZ,SIRIUS
MUZ,SIZOTHA
MUZ,SLÁVEK
MUZ,SLAVIBOJ
MUZ,SLAVIBOR
MUZ,SLAVKO
MUZ,SLAVOJ
MUZ,SLAVOMIL
MUZ,SLAVOMÍR
MUZ,SLOBODAN
MUZ,SNORRI
MUZ,SOBĚSLAV
MUZ,SOFIAN
MUZ,SOFIANE
MUZ,SOFIEN
MUZ,SOKOL
MUZ,SOKRATIS
MUZ,SOLOMON
MUZ,SON
MUZ,SON HAI
MUZ,SÖREN
MUZ,SORIN
MUZ,SOTIRIS
MUZ,SPIROS
MUZ,SPYRIDON
MUZ,SPYTIHNĚV
MUZ,SRDJAN
MUZ,SRIDHARA
MUZ,STANIMIR
MUZ,STANISLAV
MUZ,STANISLAW
MUZ,STANISŁAW
MUZ,STANKO
MUZ,STANLEY
MUZ,STATIS
MUZ,STAVROS
MUZ,STEFAN
MUZ,ŞTEFAN
MUZ,STEFANO
MUZ,STEFANOS
MUZ,STELLAN
MUZ,STEPAN
MUZ,STĚPAN
MUZ,STEPHAN
MUZ,STEPHEN
MUZ,STERIOS
MUZ,STEVAN
MUZ,STEVE
MUZ,STEVEN
MUZ,STJEPAN
MUZ,STOJAN
MUZ,STRIBOR
MUZ,STUART
MUZ,STYLES
MUZ,SUBHI
MUZ,SUDARSHAN
MUZ,SUFYAN
MUZ,SULEJMAN
MUZ,SULLIVAN
MUZ,SULLY
MUZ,SUMITO
MUZ,SUNG
MUZ,SVATOBOJ
MUZ,SVATOBOR
MUZ,SVATOMIL
MUZ,SVATOMÍR
MUZ,SVATOPLUK
MUZ,SVATOSLAV
MUZ,SVATOŠ
MUZ,SVETISLAV
MUZ,SVETOSLAV
MUZ,SVĚTOSLAV
MUZ,SVETOZAR
MUZ,SVETOZÁR
MUZ,SVĚTOZAR
MUZ,SVJATOSLAV
MUZ,SVYATOSLAV
MUZ,SWEN
MUZ,SYLVESTER
MUZ,SYLVESTR
MUZ,SYMEON
MUZ,SZILÁRD
MUZ,SZYMON
MUZ,ŠÁNDOR
MUZ,ŠEBESTIÁN
MUZ,ŠÉM
MUZ,ŠIMEÓN
MUZ,ŠIMON
MUZ,ŠOCHRUCH
MUZ,ŠTEFAN
MUZ,ŠTEFÁN
MUZ,ŠTEPÁN
MUZ,ŠTĚPÁN
MUZ,TACIM
MUZ,TADEAS
MUZ,TADEAŠ
MUZ,TADEÁŠ
MUZ,TADEO
MUZ,TADEUS
MUZ,TADEUSZ
MUZ,TAGIR
MUZ,TAIM
MUZ,TAIR
MUZ,TAKERU
MUZ,TAKCHUN
MUZ,TAKIS
MUZ,TAKSHILL
MUZ,TALAL
MUZ,TALAY
MUZ,TALBERT
MUZ,TALIUS
MUZ,TAMÁS
MUZ,TAMATOA
MUZ,TAMER
MUZ,TAMIR
MUZ,TANASIS
MUZ,TANE
MUZ,TARAS
MUZ,TAREK
MUZ,TARIK
MUZ,TÁRIK
MUZ,TARYEL
MUZ,TAS
MUZ,TAŠO
MUZ,TAYS
MUZ,TEG
MUZ,TEGAN
MUZ,TEITO
MUZ,TEMEHANI
MUZ,TEMUJIN
MUZ,TEMUUJIN
MUZ,TENDAI
MUZ,TENUUNBAYAR
MUZ,TEODOR
MUZ,TEODORIK
MUZ,TEOFIL
MUZ,TEOMAN
MUZ,TERRANCE
MUZ,TĚŠO
MUZ,TEVAN
MUZ,TEYMUR
MUZ,THAI
MUZ,THANAWIN
MUZ,THANE
MUZ,THANG
MUZ,THÉO
MUZ,THEOBALD
MUZ,THEODEN
MUZ,THEODOR
MUZ,THEODOROS
MUZ,THEOFIL
MUZ,THEON
MUZ,THEYAB
MUZ,THIAGO
MUZ,THIMO
MUZ,THINH
MUZ,THOBIAS
MUZ,THOMAS
MUZ,THOMPSON
MUZ,THORBEN
MUZ,THORE
MUZ,THOREN
MUZ,THORIAN
MUZ,THORIN
MUZ,TIAGO
MUZ,TIAM
MUZ,TIBO
MUZ,TIBOR
MUZ,TIEP
MUZ,TIGRAN
MUZ,TICHOMÍR
MUZ,TILEMACHOS
MUZ,TIM
MUZ,TIMEO
MUZ,TIMÉO
MUZ,TIMMY
MUZ,TIMOFEI
MUZ,TIMOFEJ
MUZ,TIMON
MUZ,TIMOTEJ
MUZ,TIMOTEO
MUZ,TIMOTEUS
MUZ,TIMOTHÉE
MUZ,TIMOTHEO
MUZ,TIMOTHEOS
MUZ,TIMOTHY
MUZ,TIMOTY
MUZ,TIMUR
MUZ,TING-FUNG
MUZ,TINO
MUZ,TITUS
MUZ,TIVADAR
MUZ,TOAN
MUZ,TOBIASZ
MUZ,TOBIÁŠ
MUZ,TOBIN
MUZ,TOD
MUZ,TODOR
MUZ,TOIVO
MUZ,TOLEEN
MUZ,TOMAN
MUZ,TOMAS
MUZ,TOMÁS
MUZ,TOMASZ
MUZ,TOMAŠ
MUZ,TOMÁŠ
MUZ,TOME
MUZ,TOMEŠ
MUZ,TOMIAS
MUZ,TOMISLAV
MUZ,TOMMASO
MUZ,TOMMI
MUZ,TOMO
MUZ,TOMOYA
MUZ,TONO
MUZ,TORBEN
MUZ,TORE
MUZ,TORFIN
MUZ,TORIAN
MUZ,TORIN
MUZ,TORSTEN
MUZ,TRAJKO
MUZ,TRAVIS
MUZ,TREVOR
MUZ,TREY
MUZ,TRIFUN
MUZ,TRISTAN
MUZ,TRUNG
MUZ,TRUONG
MUZ,TUGULDUR
MUZ,TUSHIGT
MUZ,TUDOR
MUZ,TUYEN
MUZ,TYMOFIJ
MUZ,TYMON
MUZ,TYMOTEUSZ
MUZ,TYMUR
MUZ,TYRIAN
MUZ,TYSON
MUZ,UDO
MUZ,ULADZIMIR
MUZ,ULRICH
MUZ,UMAR
MUZ,URANUS
MUZ,URBAN
MUZ,URI
MUZ,URIEL
MUZ,UROŠ
MUZ,URSUS
MUZ,UWE
MUZ,VACLAV
MUZ,VÁCLAV
MUZ,VADIM
MUZ,VADYM
MUZ,VAHAGN
MUZ,VAHAN
MUZ,VAHE
MUZ,VAJRA
MUZ,VALDEMAR
MUZ,VALENTIN
MUZ,VALENTÍN
MUZ,VALENTINO
MUZ,VALENTYN
MUZ,VALENTÝN
MUZ,VALER
MUZ,VALÉR
MUZ,VALERIAN
MUZ,VALERIÁN
MUZ,VALERIJ
MUZ,VALERIO
MUZ,VALERIU
MUZ,VALTER
MUZ,VALTR
MUZ,VAN
MUZ,VÁŇA
MUZ,VANGEL
MUZ,VANGELIS
MUZ,VARDAN
MUZ,VASA
MUZ,VASIL
MUZ,VASIĽ
MUZ,VASILE
MUZ,VASILEIOS
MUZ,VASILIJ
MUZ,VASILIOS
MUZ,VASILIS
MUZ,VASKO
MUZ,VASYL
MUZ,VAVRINEC
MUZ,VAVŘÍN
MUZ,VAVŘINEC
MUZ,VAZIL
MUZ,VEACESLAV
MUZ,VEDRAN
MUZ,VĚKOSLAV
MUZ,VELEN
MUZ,VELESLAV
MUZ,VELIMÍR
MUZ,VĚNCESLAV
MUZ,VENCISLAV
MUZ,VENDEL
MUZ,VENDELIN
MUZ,VENDELÍN
MUZ,VĚNEK
MUZ,VĚNĚK
MUZ,VERAS
MUZ,VERDEN
MUZ,VERNON
MUZ,VERNER
MUZ,VĚROSLAV
MUZ,VESELIN
MUZ,VĚSLAV
MUZ,VIAN
MUZ,VICENTE
MUZ,VICKRAM
MUZ,VICTOR
MUZ,VÍCTOR
MUZ,VICTORIN
MUZ,VICTORINO
MUZ,VIEROSLAV
MUZ,VIGGO
MUZ,VIGO
MUZ,VIHANSH
MUZ,VIKRAM
MUZ,VIKTOR
MUZ,VIKTORIN
MUZ,VIKTORÍN
MUZ,VILEM
MUZ,VILÉM
MUZ,VILIAM
MUZ,VILIBALD
MUZ,VILKO
MUZ,VILLEM
MUZ,VINCENC
MUZ,VINCENZO
MUZ,VINKO
MUZ,VINTÍŘ
MUZ,VIOREL
MUZ,VÍT
MUZ,VITALI
MUZ,VITALII
MUZ,VITALIJ
MUZ,VITALIS
MUZ,VITALIY
MUZ,VITALIYA
MUZ,VITALY
MUZ,VÍŤAZOSLAV
MUZ,VÍTEK
MUZ,VÍTĚSLAV
MUZ,VITĚZSLAV
MUZ,VÍTĚZSLAV
MUZ,VITOLD
MUZ,VITOSLAV
MUZ,VITTORIO
MUZ,VIVALDO
MUZ,VJAČESLAV
MUZ,VLAD
MUZ,VLADAN
MUZ,VLADEK
MUZ,VLADI
MUZ,VLADIMIR
MUZ,VLADIMÍR
MUZ,VLADISLAV
MUZ,VLADIVOJ
MUZ,VLADKO
MUZ,VLADO
MUZ,VLADYSLAV
MUZ,VLASLAV
MUZ,VLASTIBOR
MUZ,VLASTIK
MUZ,VLASTIMIL
MUZ,VLASTIMÍR
MUZ,VLASTISLAV
MUZ,VLK
MUZ,VLKOSLAV
MUZ,VNISLAV
MUZ,VOJEN
MUZ,VOJISLAV
MUZ,VOJMÍR
MUZ,VOJSLAV
MUZ,VOJTA
MUZ,VOJTECH
MUZ,VOJTĚCH
MUZ,VOLFGANG
MUZ,VOLODYMYR
MUZ,VRATISLAV
MUZ,VRATKO
MUZ,VSEVOLOD
MUZ,VUK
MUZ,VUKO
MUZ,WAEL
MUZ,WAHID
MUZ,WALDEMAR
MUZ,WALEED
MUZ,WALID
MUZ,WALTER
MUZ,WALTR
MUZ,WANG
MUZ,WAYDE
MUZ,WAYLON
MUZ,WAYNE
MUZ,WENZEL
MUZ,WERNER
MUZ,WIESLAW
MUZ,WIESŁAW
MUZ,WICHER
MUZ,WIKTOR
MUZ,WILBERT
MUZ,WILEM
MUZ,WILEY
MUZ,WILFRED
MUZ,WILFRIED
MUZ,WILHELM
MUZ,WILHELM-LEON
MUZ,WILIAM
MUZ,WILIAM
MUZ,WILIBALD
MUZ,WILLEM
MUZ,WILLI
MUZ,WILLIAM
MUZ,WILLIBALD
MUZ,WINER
MUZ,WINFRIED
MUZ,WITEK
MUZ,WITOLD
MUZ,WLADYSLAW
MUZ,WŁADYSŁAW
MUZ,WOJCIECH
MUZ,WOLFGANG
MUZ,WOODROW
MUZ,WYATT
MUZ,XANDER
MUZ,XAVER
MUZ,XAVIER
MUZ,YACOUB
MUZ,YAHIA
MUZ,YAHYA
MUZ,YAIR
MUZ,YAKOUB
MUZ,YAKOV
MUZ,YAKUB
MUZ,YAKUP
MUZ,YALI
MUZ,YAN
MUZ,YANIS
MUZ,YANIV
MUZ,YANKO
MUZ,YANN
MUZ,YANNICK
MUZ,YANNIS
MUZ,YAQUB
MUZ,YARON
MUZ,YAROSLAV
MUZ,YASAR
MUZ,YASEEN
MUZ,YASIN
MUZ,YASIR
MUZ,YASSIN
MUZ,YASSINE
MUZ,YAZAN
MUZ,YEGOR
MUZ,YEHONATAN
MUZ,YEHOR
MUZ,YEHUDA
MUZ,YEVGENIY
MUZ,YOAV
MUZ,YONAS
MUZ,YONATAN
MUZ,YONATHAN
MUZ,YONI
MUZ,YORAM
MUZ,YORICK
MUZ,YOSEF
MUZ,YOSHIHARU
MUZ,YOSHIYA
MUZ,YOTAM
MUZ,YOUNES
MUZ,YOUSEF
MUZ,YOUSIF
MUZ,YOUSSEF
MUZ,YUNUS
MUZ,YURIY
MUZ,YURY
MUZ,YUSEF
MUZ,YUSUF
MUZ,ZÁBOJ
MUZ,ZAC
MUZ,ZACK
MUZ,ZACHAR
MUZ,ZACHARIAS
MUZ,ZACHARIÁŠ
MUZ,ZACHARY
MUZ,ZAIN
MUZ,ZAK
MUZ,ZAKARIA
MUZ,ZAKARIYA
MUZ,ZAKIR
MUZ,ZAN
MUZ,ZANA
MUZ,ZÁVIŠ
MUZ,ZAYAN
MUZ,ZAYDEN
MUZ,ZAYN
MUZ,ZAYVIAN
MUZ,ZBIGNĚV
MUZ,ZBIGNIEV
MUZ,ZBIGNIEW
MUZ,ZBYGNĚV
MUZ,ZBYGNIEW
MUZ,ZBIHNĚV
MUZ,ZBISLAV
MUZ,ZBYHNĚV
MUZ,ZBYNĚK
MUZ,ZBYSLAV
MUZ,ZBYSZEK
MUZ,ZBYŠEK
MUZ,ZDAR
MUZ,ZDENEK
MUZ,ZDENĚK
MUZ,ZDEŇEK
MUZ,ZDĚNEK
MUZ,ZDĚNĚK
MUZ,ZDENKO
MUZ,ZDENO
MUZ,ZDÍK
MUZ,ZDIRAD
MUZ,ZDISLAV
MUZ,ZDRAVKO
MUZ,ZDZISŁAW
MUZ,ZEEV
MUZ,ZEIN
MUZ,ZEKE
MUZ,ZEKI
MUZ,ZELIMCHAN
MUZ,ZEKI
MUZ,ZENO
MUZ,ZENON
MUZ,ZENU
MUZ,ZEPHYR
MUZ,ZEYD
MUZ,ZIAD
MUZ,ZIED
MUZ,ZIGGY
MUZ,ZIGMUND
MUZ,ZIKMUND
MUZ,ZINOVIJ
MUZ,ZION
MUZ,ZLATAN
MUZ,ZLATKO
MUZ,ZLATOMÍR
MUZ,ZOLTAN
MUZ,ZOLTÁN
MUZ,ZORAN
MUZ,ZOROSLAV
MUZ,ZSOLT
MUZ,ZULU
MUZ,ZVI
MUZ,ZVONIMÍR
MUZ,ZVONKO
MUZ,ZYGMUNT
MUZ,ŽARKO
MUZ,ŽELIMÍR
MUZ,ŽELJKO
MUZ,ŽIGMUND
MUZ,ŽIVAN
MUZ,ŽIVKO
MUZ,ŽIVO
NEUTRALNI,AAGTE
NEUTRALNI,AAI
NEUTRALNI,AAIKE
NEUTRALNI,AAJARAQ
NEUTRALNI,AAJU
NEUTRALNI,AAJUNNGUAQ
NEUTRALNI,AAKA
NEUTRALNI,AAKKULUK
NEUTRALNI,AAL
NEUTRALNI,AAMA
NEUTRALNI,AAMANNGUAQ
NEUTRALNI,AANNGIIUK
NEUTRALNI,AAPPALITTOQ
NEUTRALNI,AAPPALITTUATSIAQ
NEUTRALNI,AARTAAJIK
NEUTRALNI,AARUNA
NEUTRALNI,AARYA
NEUTRALNI,AAVAARTEQ
NEUTRALNI,AAVIGANNGUAQ
NEUTRALNI,AAVU
NEUTRALNI,ABA
NEUTRALNI,ABBE
NEUTRALNI,ABEL
NEUTRALNI,ABELE
NEUTRALNI,ABI
NEUTRALNI,ABIA
NEUTRALNI,ABIJOŠE
NEUTRALNI,ABIOSE
NEUTRALNI,ABISAG
NEUTRALNI,ABISCHAG
NEUTRALNI,ABITAL
NEUTRALNI,ABRAR
NEUTRALNI,ABY
NEUTRALNI,AD
NEUTRALNI,ADA
NEUTRALNI,ADAN
NEUTRALNI,ADAR
NEUTRALNI,ADDAE
NEUTRALNI,ADDI
NEUTRALNI,ADDIE
NEUTRALNI,ADDISON
NEUTRALNI,ADDY
NEUTRALNI,ADE
NEUTRALNI,ADEL
NEUTRALNI,ADÉL
NEUTRALNI,ADELHELM
NEUTRALNI,ADELI
NEUTRALNI,ADELIN
NEUTRALNI,ADEN
NEUTRALNI,ADHIJAA
NEUTRALNI,ADHYA
NEUTRALNI,ADI
NEUTRALNI,ADIN
NEUTRALNI,ADIBELLI
NEUTRALNI,ADONIA
NEUTRALNI,ADRI
NEUTRALNI,ADRIA
MUZ,ADRIAN
NEUTRALNI,ADRIEL
NEUTRALNI,ADRIEN
NEUTRALNI,ADY
NEUTRALNI,AEF
NEUTRALNI,AEGLE
NEUTRALNI,AERKE
NEUTRALNI,AERON
NEUTRALNI,AFACAN
NEUTRALNI,AFNAAN
NEUTRALNI,AFNAN
NEUTRALNI,AFON
NEUTRALNI,AGA
NEUTRALNI,AGAN
NEUTRALNI,AGAT
NEUTRALNI,AGBOR
NEUTRALNI,AGDLO
NEUTRALNI,AGGI
NEUTRALNI,AGIŞ
NEUTRALNI,AGL
NEUTRALNI,AGPA
NEUTRALNI,AGRIPPA
NEUTRALNI,AHINOAM
NEUTRALNI,AHSEN
NEUTRALNI,AHTER
NEUTRALNI,ACHINOAM
NEUTRALNI,AID
NEUTRALNI,AIDEN
NEUTRALNI,AIKE
NEUTRALNI,AIKO
NEUTRALNI,AILBHE
NEUTRALNI,AILE
NEUTRALNI,AIMABLE
NEUTRALNI,AIME
NEUTRALNI,AIMÉ
NEUTRALNI,AIMEE
NEUTRALNI,AINO
NEUTRALNI,AINSLEY
NEUTRALNI,AIRI
NEUTRALNI,AIRE
NEUTRALNI,AIRU
NEUTRALNI,AISVARYA
NEUTRALNI,AITE
NEUTRALNI,AJA
NEUTRALNI,AJAAJA
NEUTRALNI,AJAATTOQ
NEUTRALNI,AJAATTU
NEUTRALNI,AJAATU
NEUTRALNI,AJÁITO
NEUTRALNI,AJO
NEUTRALNI,AKA
NEUTRALNI,AKAAKA
NEUTRALNI,AKALAK
NEUTRALNI,AKANAY
NEUTRALNI,AKARCA
NEUTRALNI,AKARÇAY
NEUTRALNI,AKARI
NEUTRALNI,AKARN
NEUTRALNI,AKARTUNA
NEUTRALNI,AKARTÜRK
NEUTRALNI,AKASMA
NEUTRALNI,AKAY
NEUTRALNI,AKBAŞAK
NEUTRALNI,AKCAN
NEUTRALNI,AKÇASU
NEUTRALNI,AKDES
NEUTRALNI,AKDIKEN
NEUTRALNI,AKE
NEUTRALNI,AKGÜN
NEUTRALNI,AKGÜNEŞ
NEUTRALNI,AKGÜNGÖR
NEUTRALNI,AKHTAR
NEUTRALNI,AKI
NEUTRALNI,AKIHO
NEUTRALNI,AKIK
NEUTRALNI,AKIMIU
NEUTRALNI,AKIRA
NEUTRALNI,AKISOOQ
NEUTRALNI,AKISOQ
NEUTRALNI,AKISUUNNGUAQ
NEUTRALNI,AKITSEQ
NEUTRALNI,AKKAŞ
NEUTRALNI,AKKE
NEUTRALNI,AKSA
NEUTRALNI,AKSEL
NEUTRALNI,AKSES
NEUTRALNI,AKSU
NEUTRALNI,AKSUN
NEUTRALNI,AKTAÇ
NEUTRALNI,AKULERSAQ
NEUTRALNI,AKÜN
NEUTRALNI,AKYOL
NEUTRALNI,AKYÖN
NEUTRALNI,AKYRA
NEUTRALNI,AL
NEUTRALNI,ALABAŞ
NEUTRALNI,ALAKUŞ
NEUTRALNI,ALALAQ
NEUTRALNI,ALANÇA
NEUTRALNI,ALASUAQ
NEUTRALNI,ALBA
NEUTRALNI,ALBAYRAK
NEUTRALNI,ALBERAD
NEUTRALNI,ALBERTE
NEUTRALNI,ALBY
NEUTRALNI,ALCESTE
NEUTRALNI,ALDEN
NEUTRALNI,ALDIS
NEUTRALNI,ALDITH
NEUTRALNI,ALDRED
NEUTRALNI,ALE
NEUTRALNI,ALEID
NEUTRALNI,ALEKSA
NEUTRALNI,ALEM
NEUTRALNI,ALEX
NEUTRALNI,ALEXA
NEUTRALNI,ALEXANDRE
NEUTRALNI,ALEXE
NEUTRALNI,ALEXIE
NEUTRALNI,ALEXIS
NEUTRALNI,ALEYDE
NEUTRALNI,ALFA
NEUTRALNI,ALFONSE
NEUTRALNI,ALFRID
NEUTRALNI,ALGETH
NEUTRALNI,ALGIE
NEUTRALNI,ALGY
NEUTRALNI,ALI
NEUTRALNI,ALIAN
NEUTRALNI,ALICE
NEUTRALNI,ALIDA
NEUTRALNI,ALÍJA
NEUTRALNI,ALIN
NEUTRALNI,ALIS
NEUTRALNI,ALISON
NEUTRALNI,ALIX
NEUTRALNI,ALJA
NEUTRALNI,ALKE
NEUTRALNI,ALKEN
NEUTRALNI,ALKIM
NEUTRALNI,ALKIŞ
NEUTRALNI,ALLAQ
NEUTRALNI,ALLISON
NEUTRALNI,ALLPA
NEUTRALNI,ALLU
NEUTRALNI,ALLY
NEUTRALNI,ALMAS
NEUTRALNI,ALMAZ
NEUTRALNI,ALMOND
NEUTRALNI,ALOIS
NEUTRALNI,ALOYS
NEUTRALNI,ALPHA
NEUTRALNI,ALTAN
NEUTRALNI,ALTINAY
NEUTRALNI,ALTINIŞIK
NEUTRALNI,ALTINSOY
NEUTRALNI,ALTINTAÇ
NEUTRALNI,ALTUN
NEUTRALNI,ALTUNA
NEUTRALNI,ALTUNAY
NEUTRALNI,ALUSSAQ
NEUTRALNI,ALUUSAQ
NEUTRALNI,ALVA
NEUTRALNI,ALWA
NEUTRALNI,ALYN
NEUTRALNI,ALYSSA
NEUTRALNI,AMAALIK
NEUTRALNI,AMAARTIVAT
NEUTRALNI,AMABILE
NEUTRALNI,AMABILIS
NEUTRALNI,AMAÇ
NEUTRALNI,AMADIS
NEUTRALNI,AMAL
NEUTRALNI,AMALIE
NEUTRALNI,AMAN
NEUTRALNI,AMANE
NEUTRALNI,AMANI
NEUTRALNI,AMARA
NEUTRALNI,AMARI
NEUTRALNI,AMBER
NEUTRALNI,AMBROISE
NEUTRALNI,AMEDEA
NEUTRALNI,AMÉDÉE
NEUTRALNI,AMEL
NEUTRALNI,AMI
NEUTRALNI,AMIE
NEUTRALNI,AMINTA
NEUTRALNI,AMIT
NEUTRALNI,AMKE
NEUTRALNI,AMMI
NEUTRALNI,AMOR
NEUTRALNI,AMORY
NEUTRALNI,AMPARO
NEUTRALNI,AMRAN
NEUTRALNI,AMRIT
NEUTRALNI,AMYNTA
NEUTRALNI,AN
NEUTRALNI,ANA
NEUTRALNI,ANAEL
NEUTRALNI,ANASTASIE
NEUTRALNI,ANATOLIE
NEUTRALNI,ANBER
NEUTRALNI,ANDAÇ
NEUTRALNI,ANDEL
NEUTRALNI,ANDELIB
NEUTRALNI,ANDER
NEUTRALNI,ANDERS
NEUTRALNI,ANDERSES
NEUTRALNI,ANDI
NEUTRALNI,ANDIE
NEUTRALNI,ANDRÉ
ZENA,ANDREA
NEUTRALNI,ANDREE
NEUTRALNI,ANDREJA
NEUTRALNI,ANDRY
NEUTRALNI,ANDY
NEUTRALNI,AŇDŽALÍ
NEUTRALNI,AŇDŽANA
NEUTRALNI,AŇDŽANÍ
NEUTRALNI,AŇDŽINÍ
NEUTRALNI,ANE
NEUTRALNI,ANEERAJIK
NEUTRALNI,ANFRIED
NEUTRALNI,ANGAJO
NEUTRALNI,ANGAJOORAQ
NEUTRALNI,ANGAJU
NEUTRALNI,ANGAJULLEQ
NEUTRALNI,ANGAJUTSIAQ
NEUTRALNI,ANGE
NEUTRALNI,ANGEL
NEUTRALNI,ANGELUS
NEUTRALNI,ANGERDLA
NEUTRALNI,ANGERLA
NEUTRALNI,ANGERLANNGUAQ
NEUTRALNI,ANGERLARTOQ
NEUTRALNI,ANGERLARTUNNGUAQ
NEUTRALNI,ANGERVO
NEUTRALNI,ANGIISIARTEQ
NEUTRALNI,ANGUTILLUARSUK
NEUTRALNI,ANGUTIVDLUARSSUK
NEUTRALNI,ANH
NEUTRALNI,ANIA
NEUTRALNI,ANÍS
NEUTRALNI,ANJALI
NEUTRALNI,ANJANA
NEUTRALNI,ANJANI
NEUTRALNI,ANJINI
NEUTRALNI,ANKE
NEUTRALNI,ANRI
NEUTRALNI,ANS
NEUTRALNI,ANSTICE
NEUTRALNI,ANTE
NEUTRALNI,ANTONIE
NEUTRALNI,ANUDARI
NEUTRALNI,ANUIK
NEUTRALNI,ANUVIK
NEUTRALNI,ANWAR
NEUTRALNI,AO
NEUTRALNI,AOBA
NEUTRALNI,AOI
NEUTRALNI,APANNGUAQ
NEUTRALNI,APHIA
NEUTRALNI,APOLLINAIRE
NEUTRALNI,APOLLINARIS
NEUTRALNI,APOLLINE
NEUTRALNI,APPA
NEUTRALNI,APPEL
NEUTRALNI,APPIAH
NEUTRALNI,APUNNGUAQ
NEUTRALNI,APUT
NEUTRALNI,APUTINNGUAQ
NEUTRALNI,APUTSIANNGUAQ
NEUTRALNI,APUTSIAQ
NEUTRALNI,AQAATILIK
NEUTRALNI,AQIGSSIAQ
NEUTRALNI,AQIPI
NEUTRALNI,AQISSIAQ
NEUTRALNI,AQQARSAAQ
NEUTRALNI,AQUILA
NEUTRALNI,ARA
NEUTRALNI,ARAN
NEUTRALNI,ARAQ
NEUTRALNI,ARDA
NEUTRALNI,ARDEN
NEUTRALNI,ARDIL
NEUTRALNI,ARE
NEUTRALNI,ARETA
NEUTRALNI,ARGIA
NEUTRALNI,ARHILD
NEUTRALNI,ARCHILA
NEUTRALNI,ARI
NEUTRALNI,ARIAN
NEUTRALNI,ARIÇ
NEUTRALNI,ARIEL
NEUTRALNI,ARIES
NEUTRALNI,ARIJ
NEUTRALNI,ARIN
NEUTRALNI,ARIPINAR
NEUTRALNI,ARISTE
NEUTRALNI,ARIT
NEUTRALNI,ARIVARAQ
NEUTRALNI,ARJE
NEUTRALNI,ARKA
NEUTRALNI,ARLIE
NEUTRALNI,ARLO
NEUTRALNI,ARLØGH
NEUTRALNI,ARMAGAN
NEUTRALNI,ARMANI
NEUTRALNI,ARMEL
NEUTRALNI,ARMIN
NEUTRALNI,ARMINEL
NEUTRALNI,ARNEKE
NEUTRALNI,ARNIE
NEUTRALNI,ARÓ
NEUTRALNI,ARSAL
NEUTRALNI,ARSAQ
NEUTRALNI,ARSUGAQ
NEUTRALNI,ARTAAJIK
NEUTRALNI,ARTAJIK
NEUTRALNI,ARTEMIS
NEUTRALNI,ARTY
NEUTRALNI,ARUNA
NEUTRALNI,ARYA
NEUTRALNI,ASA
NEUTRALNI,ASAHI
NEUTRALNI,ASANA
NEUTRALNI,ASANANNGUAQ
NEUTRALNI,ASE
NEUTRALNI,ASEDA
NEUTRALNI,ASENA
NEUTRALNI,ASENATH
NEUTRALNI,ASGARD
NEUTRALNI,ASH
NEUTRALNI,ASHER
NEUTRALNI,ASHLEIGH
NEUTRALNI,ASHLEY
NEUTRALNI,ASHLY
NEUTRALNI,ASHRAF
NEUTRALNI,ASHTON
NEUTRALNI,ASIAQ
NEUTRALNI,ASIL
NEUTRALNI,ASÍL
NEUTRALNI,ASTER
NEUTRALNI,ASTON
NEUTRALNI,ASUMAN
NEUTRALNI,ATADAN
NEUTRALNI,ATALA
NEUTRALNI,ATANA
NEUTRALNI,ATE
NEUTRALNI,ATEŞ
NEUTRALNI,ATHANASE
NEUTRALNI,ATHOLL
NEUTRALNI,ATILLA
NEUTRALNI,ATRIN
NEUTRALNI,ATSIAQ
NEUTRALNI,ATSIARTERTOQ
NEUTRALNI,ATSUKI
NEUTRALNI,ATTALA
NEUTRALNI,ATTE
NEUTRALNI,ATTIARTERTOQ
NEUTRALNI,ATZE
NEUTRALNI,AUBREY
NEUTRALNI,AUDA
NEUTRALNI,AUDR
NEUTRALNI,AUGUSTE
NEUTRALNI,AUGUSTINE
NEUTRALNI,AUMA
NEUTRALNI,AURI
NEUTRALNI,AURIOL
NEUTRALNI,AUTUMN
NEUTRALNI,AUXANE
NEUTRALNI,AVA
NEUTRALNI,AVALAK
NEUTRALNI,AVE
NEUTRALNI,AVERIL
NEUTRALNI,AVERY
NEUTRALNI,AVI
NEUTRALNI,AVIV
NEUTRALNI,AVO
NEUTRALNI,AVON
NEUTRALNI,AVOORTUNGIAQ
NEUTRALNI,AVRIL
NEUTRALNI,AVU
NEUTRALNI,AVUUVAK
NEUTRALNI,AWA
NEUTRALNI,AWE
NEUTRALNI,AWEN
NEUTRALNI,AXEL
NEUTRALNI,AY
NEUTRALNI,AYCAN
NEUTRALNI,AYCE
NEUTRALNI,AYDA
NEUTRALNI,AYDIN
NEUTRALNI,AYDINAY
NEUTRALNI,AYDOLUN
NEUTRALNI,AYGEN
NEUTRALNI,AYHAN
NEUTRALNI,AYMAN
NEUTRALNI,AYO
NEUTRALNI,AYRAL
NEUTRALNI,AYSAN
NEUTRALNI,AYSEV
NEUTRALNI,AYSIN
NEUTRALNI,AYSOY
NEUTRALNI,AYSU
NEUTRALNI,AYSUN
NEUTRALNI,AYSUNAR
NEUTRALNI,AYTAÇ
NEUTRALNI,AYTAN
NEUTRALNI,AYTUNA
NEUTRALNI,AYU
NEUTRALNI,AYUMU
NEUTRALNI,AZADE
NEUTRALNI,AZARIA
NEUTRALNI,AZHAR
NEUTRALNI,BAAIKE
NEUTRALNI,BAB
NEUTRALNI,BABA
NEUTRALNI,BACK
NEUTRALNI,BÁCK
NEUTRALNI,BACKA
NEUTRALNI,BADR
NEUTRALNI,BAGG
NEUTRALNI,BAHAR
NEUTRALNI,BAHŞI
NEUTRALNI,BAILEY
NEUTRALNI,BAJER
NEUTRALNI,BALA
NEUTRALNI,BALACA
NEUTRALNI,BALTA
NEUTRALNI,BÄLTER
NEUTRALNI,BAO
NEUTRALNI,BAPTISTA
NEUTRALNI,BAR
NEUTRALNI,BARA
NEUTRALNI,BARAN
NEUTRALNI,BARBRO
NEUTRALNI,BARIŞ
NEUTRALNI,BARKIN
NEUTRALNI,BARNA
NEUTRALNI,BAŞAK
NEUTRALNI,BAŞGÖZ
NEUTRALNI,BASILIDE
NEUTRALNI,BAŞKUT
NEUTRALNI,BAST
NEUTRALNI,BASTA
NEUTRALNI,BATE
NEUTRALNI,BATTISTA
NEUTRALNI,BAY
NEUTRALNI,BAYKA
NEUTRALNI,BAYSAL
NEUTRALNI,BÉ
NEUTRALNI,BEAT
NEUTRALNI,BEAU
NEUTRALNI,BEBBI
NEUTRALNI,BEDA
NEUTRALNI,BEDER
NEUTRALNI,BEDIR
NEUTRALNI,BEDO
NEUTRALNI,BEGENCE
NEUTRALNI,BEKE
NEUTRALNI,BEL
NEUTRALNI,BELA
NEUTRALNI,BELE
NEUTRALNI,BELEN
NEUTRALNI,BENDIKT
NEUTRALNI,BENDY
NEUTRALNI,BENE
NEUTRALNI,BENEK
NEUTRALNI,BENICE
NEUTRALNI,BENJI
NEUTRALNI,BENLI
NEUTRALNI,BENNY
NEUTRALNI,BENŞEN
NEUTRALNI,BENTE
NEUTRALNI,BENY
NEUTRALNI,BERA
NEUTRALNI,BERAET
NEUTRALNI,BEREKET
NEUTRALNI,BÉRENGER
NEUTRALNI,BERIA
NEUTRALNI,BERIN
NEUTRALNI,BERIVAN
NEUTRALNI,BERKEM
NEUTRALNI,BERNA
NEUTRALNI,BERNARDINE
NEUTRALNI,BERNI
NEUTRALNI,BERNIE
NEUTRALNI,BERNY
NEUTRALNI,BERRE
NEUTRALNI,BERRY
NEUTRALNI,BERTEL
NEUTRALNI,BERTHILD
NEUTRALNI,BERTI
NEUTRALNI,BERTIE
NEUTRALNI,BERTIN
NEUTRALNI,BERTL
NEUTRALNI,BERTY
NEUTRALNI,BEŞTAŞ
NEUTRALNI,BETE
NEUTRALNI,BETIK
NEUTRALNI,BETIKÇI
NEUTRALNI,BETTE
NEUTRALNI,BEULAH
NEUTRALNI,BEVERLE
NEUTRALNI,BEVERLEY
NEUTRALNI,BEVERLY
NEUTRALNI,BEYDEŞ
NEUTRALNI,BEYHAN
NEUTRALNI,BEYKE
NEUTRALNI,BIEN
NEUTRALNI,BIENE
NEUTRALNI,BIENVENUE
NEUTRALNI,BIEUWE
NEUTRALNI,BIGUÉ
NEUTRALNI,BIL
NEUTRALNI,BILGE
NEUTRALNI,BILGEN
NEUTRALNI,BILGER
NEUTRALNI,BILGI
NEUTRALNI,BILGIN
NEUTRALNI,BILIŞ
NEUTRALNI,BILL
NEUTRALNI,BILLE
NEUTRALNI,BILLIE
NEUTRALNI,BILLY
NEUTRALNI,BILSEN
NEUTRALNI,BINA
NEUTRALNI,BINH
NEUTRALNI,BINIZ
NEUTRALNI,BINKE
NEUTRALNI,BIRÇEK
NEUTRALNI,BIRKE
NEUTRALNI,BIRSEL
NEUTRALNI,BIRSEN
NEUTRALNI,BIRTEK
NEUTRALNI,BISSAN
NEUTRALNI,BJÖNS
NEUTRALNI,BJÖR
NEUTRALNI,BLA
NEUTRALNI,BLAIR
NEUTRALNI,BLAISE
NEUTRALNI,BLEIKE
NEUTRALNI,BLESSING
NEUTRALNI,BLISS
NEUTRALNI,BLUE
NEUTRALNI,BO
NEUTRALNI,BOBBIE
NEUTRALNI,BOBBY
NEUTRALNI,BÖBÜLÜK
NEUTRALNI,BODEL
NEUTRALNI,BOGG
NEUTRALNI,BOIKE
NEUTRALNI,BOJAN
NEUTRALNI,BÖL
NEUTRALNI,BOND
NEUTRALNI,BONDPÄ
NEUTRALNI,BONG
NEUTRALNI,BONNE
NEUTRALNI,BONNIE
NEUTRALNI,BONNY
NEUTRALNI,BONTJE
NEUTRALNI,BORA
NEUTRALNI,BÖRIS
NEUTRALNI,BÓRS
NEUTRALNI,BOSSEL
NEUTRALNI,BRADY
NEUTRALNI,BRAITH
NEUTRALNI,BRANCA
NEUTRALNI,BRÄND
NEUTRALNI,BRIT
NEUTRALNI,BRITT
NEUTRALNI,BRODIE
NEUTRALNI,BROGAN
NEUTRALNI,BROOKE
NEUTRALNI,BROOKLYN
NEUTRALNI,BRUNE
NEUTRALNI,BRUS
NEUTRALNI,BRYNN
NEUTRALNI,BUBUNE
NEUTRALNI,BUD
NEUTRALNI,BÜGE
NEUTRALNI,BÜKE
NEUTRALNI,BÜLENT
NEUTRALNI,BUNA
NEUTRALNI,BURÇAK
NEUTRALNI,BURG
NEUTRALNI,BURGUT
NEUTRALNI,BÜRKÂN
NEUTRALNI,BÜRKI
NEUTRALNI,BURNETT
NEUTRALNI,BÜRÜM
NEUTRALNI,BUS
NEUTRALNI,BUSK
NEUTRALNI,BÜTÜN
NEUTRALNI,BYGG
NEUTRALNI,CAELESTIS
NEUTRALNI,ÇAGDAŞ
NEUTRALNI,ÇAGIL
NEUTRALNI,ÇAGLA
NEUTRALNI,ÇAGLAK
NEUTRALNI,ÇAGLASIN
NEUTRALNI,ÇAGLAYAN
NEUTRALNI,ÇAGRI
NEUTRALNI,ÇAKIR
NEUTRALNI,CALLE
NEUTRALNI,CALLISTA
NEUTRALNI,CAMERON
NEUTRALNI,CAMILLE
NEUTRALNI,CAN
NEUTRALNI,CANDAN
NEUTRALNI,CANDAŞ
NEUTRALNI,CANDIDE
NEUTRALNI,CANEL
NEUTRALNI,ÇANGAL
NEUTRALNI,CANKAT
NEUTRALNI,CANSOY
NEUTRALNI,CAREY
NEUTRALNI,CARLA
NEUTRALNI,CARLI
NEUTRALNI,CARLIN
NEUTRALNI,CARLY
NEUTRALNI,CARMEL
NEUTRALNI,CARMINE
NEUTRALNI,CAROL
NEUTRALNI,CARRY
NEUTRALNI,CARY
NEUTRALNI,CASEY
NEUTRALNI,CASS
NEUTRALNI,CASSIDY
NEUTRALNI,CASSIE
NEUTRALNI,CASY
NEUTRALNI,CATARIN
NEUTRALNI,CATO
NEUTRALNI,CAY
NEUTRALNI,CAYDEN
NEUTRALNI,ÇEÇEN
NEUTRALNI,CECIL
NEUTRALNI,CÉCILE
NEUTRALNI,CEEL
NEUTRALNI,ÇELENK
NEUTRALNI,CELESTE
NEUTRALNI,CÉLESTE
NEUTRALNI,CÉLESTIN
NEUTRALNI,CELESTYN
NEUTRALNI,CERI
NEUTRALNI,CERIDWEN
NEUTRALNI,CERNY
NEUTRALNI,CERRY
NEUTRALNI,CEVAHIR
NEUTRALNI,CEVHER
NEUTRALNI,ÇEVIK
NEUTRALNI,CIAR
NEUTRALNI,CIVAN
NEUTRALNI,CIVELEK
NEUTRALNI,CLAAR
NEUTRALNI,CLAIR
NEUTRALNI,CLAIRE
NEUTRALNI,CLARE
NEUTRALNI,CLARENCE
NEUTRALNI,CLARRIE
NEUTRALNI,CLAUDE
NEUTRALNI,CLEM
NEUTRALNI,CLEMENCE
NEUTRALNI,CLEMMIE
NEUTRALNI,CLEO
NEUTRALNI,CLO
NEUTRALNI,CLORIS
NEUTRALNI,CODY
NEUTRALNI,COLA
NEUTRALNI,COLOMBA
NEUTRALNI,COLOMBE
NEUTRALNI,COLUMBA
NEUTRALNI,CÔME
NEUTRALNI,COMFORT
NEUTRALNI,CON
NEUTRALNI,CONNAL
NEUTRALNI,CONNI
NEUTRALNI,CONNIE
NEUTRALNI,CONNY
NEUTRALNI,CONSTANS
NEUTRALNI,CONSTANTE
NEUTRALNI,COOS
NEUTRALNI,COR
NEUTRALNI,CORDEL
NEUTRALNI,CORIN
NEUTRALNI,CORNELL
NEUTRALNI,CORNEY
NEUTRALNI,CORNIE
NEUTRALNI,CORNY
NEUTRALNI,CORRIE
NEUTRALNI,CORRY
NEUTRALNI,COSMA
NEUTRALNI,ÇOTUR
NEUTRALNI,COURTNEY
NEUTRALNI,CRIS
NEUTRALNI,CRISTEL
NEUTRALNI,CRUZ
NEUTRALNI,CRYSTAL
NEUTRALNI,CUMINUS
NEUTRALNI,CURA
NEUTRALNI,CURTIS
NEUTRALNI,ÇUVAŞ
NEUTRALNI,CYRILLE
NEUTRALNI,ČIAKI
NEUTRALNI,DAALI
NEUTRALNI,DADA
NEUTRALNI,DADI
NEUTRALNI,DAGOMAR
NEUTRALNI,DAGOMER
NEUTRALNI,DAHL
NEUTRALNI,DAIA
NEUTRALNI,DAKOTA
NEUTRALNI,DAL
NEUTRALNI,DALE
NEUTRALNI,DALLAS
NEUTRALNI,DAMIAN
NEUTRALNI,DAN
NEUTRALNI,DANDY
NEUTRALNI,DANH
NEUTRALNI,DANIEL
NEUTRALNI,DANIELS
NEUTRALNI,DANILA
NEUTRALNI,DANNY
NEUTRALNI,DANY
NEUTRALNI,DAORANA
NEUTRALNI,DARA
NEUTRALNI,DARCEY
NEUTRALNI,DARCY
NEUTRALNI,DARIAN
NEUTRALNI,DARIE
NEUTRALNI,DARIN
NEUTRALNI,DARLING
NEUTRALNI,DARYL
NEUTRALNI,DAVID
NEUTRALNI,DAVIDE
NEUTRALNI,DAWN
NEUTRALNI,DAYO
NEUTRALNI,DEA
NEUTRALNI,DEAN
NEUTRALNI,DEBIR
NEUTRALNI,DECLA
NEUTRALNI,DEDE
NEUTRALNI,DEDI
NEUTRALNI,DEGER
NEUTRALNI,DELAJA
NEUTRALNI,DELI
NEUTRALNI,DELICE
NEUTRALNI,DEMETER
NEUTRALNI,DENALI
NEUTRALNI,DENDY
NEUTRALNI,DENGIZ
NEUTRALNI,DENISE
NEUTRALNI,DENIZ
NEUTRALNI,DENNY
NEUTRALNI,DENY
NEUTRALNI,DENYS
NEUTRALNI,DEREN
NEUTRALNI,DERIN
NEUTRALNI,DERIN
NEUTRALNI,DERREN
NEUTRALNI,DERYA
NEUTRALNI,DESI
NEUTRALNI,DESIDERIE
NEUTRALNI,DESIRÉ
NEUTRALNI,DETTE
NEUTRALNI,DEVA
NEUTRALNI,DEVI
NEUTRALNI,DEVIN
NEUTRALNI,DEVLET
NEUTRALNI,DEVON
NEUTRALNI,DEVRIM
NEUTRALNI,DEWI
NEUTRALNI,DIAN
NEUTRALNI,DICKEN
NEUTRALNI,DIDDE
NEUTRALNI,DIDI
NEUTRALNI,DIDO
NEUTRALNI,DIEKE
NEUTRALNI,DIELKE
NEUTRALNI,DIETBERG
NEUTRALNI,DIETE
NEUTRALNI,DIETJE
NEUTRALNI,DIETMUT
NEUTRALNI,DIEUKE
NEUTRALNI,DIK
NEUTRALNI,DIKEN
NEUTRALNI,DIKMEN
NEUTRALNI,DILAN
NEUTRALNI,DILEK
NEUTRALNI,DILER
NEUTRALNI,DILFERAH
NEUTRALNI,DILGE
NEUTRALNI,DILMAÇ
NEUTRALNI,DILMAN
NEUTRALNI,DIMA
NEUTRALNI,DINH
NEUTRALNI,DIONE
NEUTRALNI,DIONYS
NEUTRALNI,DIREN
NEUTRALNI,DIRIL
NEUTRALNI,DIS
NEUTRALNI,DIŞBUDAK
NEUTRALNI,DISGLEIRIO
NEUTRALNI,DJÄKEN
NEUTRALNI,DO
NEUTRALNI,DOAN
NEUTRALNI,DODO
NEUTRALNI,DOE
NEUTRALNI,DOED
NEUTRALNI,DOEIJE
NEUTRALNI,DOGANAY
NEUTRALNI,DOGANGÜN
NEUTRALNI,DÖL
NEUTRALNI,DOLAN
NEUTRALNI,DOLDE
NEUTRALNI,DOLLY
NEUTRALNI,DOLUNAY
NEUTRALNI,DOMINIQUE
NEUTRALNI,DON
NEUTRALNI,DORE
NEUTRALNI,DORI
NEUTRALNI,DORIAN
NEUTRALNI,DORIEN
NEUTRALNI,DORKE
NEUTRALNI,DORLE
NEUTRALNI,DORLI
NEUTRALNI,DORO
NEUTRALNI,DORON
NEUTRALNI,DOSIA
NEUTRALNI,DOUTZEN
NEUTRALNI,DREW
NEUTRALNI,DUC
NEUTRALNI,DUCA
NEUTRALNI,DUIFJE
NEUTRALNI,DUKE
NEUTRALNI,DULA
NEUTRALNI,DUN
NEUTRALNI,DUNDER
NEUTRALNI,DUNG
NEUTRALNI,DUONG
NEUTRALNI,DURDU
NEUTRALNI,DURLI
NEUTRALNI,DURUSU
NEUTRALNI,DUSTY
NEUTRALNI,DUT
NEUTRALNI,DUY
NEUTRALNI,DUYEN
NEUTRALNI,DÜZGÜN
MUZ,DYLAN
NEUTRALNI,EA
NEUTRALNI,EARKE
NEUTRALNI,EASTER
NEUTRALNI,EBBA
NEUTRALNI,EBBE
NEUTRALNI,EBE
NEUTRÁLNI,EBI
NEUTRALNI,EBO
NEUTRALNI,EBON
NEUTRALNI,ECE
NEUTRALNI,ECO
NEUTRALNI,EDA
NEUTRALNI,EDAN
NEUTRALNI,EDDA
NEUTRALNI,EDDY
NEUTRALNI,EDE
NEUTRALNI,EDEL
NEUTRALNI,EDELHARD
NEUTRALNI,EDEN
NEUTRALNI,EDI
NEUTRALNI,EDIL
NEUTRALNI,EDIZ
NEUTRALNI,EDOU
NEUTRALNI,EELJE
NEUTRALNI,EELKE
NEUTRALNI,EELTSJE
NEUTRALNI,EENTSJE
NEUTRALNI,EEP
NEUTRALNI,EEQINA
NEUTRALNI,EFA
NEUTRALNI,EFE
NEUTRALNI,EFER
NEUTRALNI,EFFIE
NEUTRALNI,EGE
NEUTRALNI,EGLE
NEUTRALNI,EHINOMEN
NEUTRALNI,EHSAN
NEUTRALNI,EICKE
NEUTRALNI,EIDE
NEUTRALNI,ÉIGID
NEUTRALNI,EIK
NEUTRALNI,EIKE
NEUTRALNI,EILEKE
NEUTRALNI,EILIKE
NEUTRALNI,EILKE
NEUTRALNI,EINE
NEUTRALNI,EINTJE
NEUTRALNI,EINTSJE
NEUTRALNI,EIRIK
NEUTRALNI,EISKE
NEUTRALNI,EITSJE
NEUTRALNI,EJNE
NEUTRALNI,EKE
NEUTRALNI,EKIN
NEUTRALNI,EKINADOESE
NEUTRALNI,EKKE
NEUTRALNI,ELAN
NEUTRALNI,ELBIR
NEUTRALNI,ELBIRLIK
NEUTRALNI,ELDEM
NEUTRALNI,ELDRID
NEUTRALNI,ELEANOR
NEUTRALNI,ELEON
NEUTRALNI,ELFRID
NEUTRALNI,ELFRIED
NEUTRALNI,ELGIN
NEUTRALNI,ELI
NEUTRALNI,ELIA
NEUTRALNI,ÉLIA
NEUTRALNI,ELIAN
NEUTRALNI,ELIAS
NEUTRALNI,ELIE
NEUTRALNI,ELIEN
NEUTRALNI,ELIF
NEUTRALNI,ELIKE
NEUTRALNI,ELIN
NEUTRALNI,ELIOTT
NEUTRALNI,ELIS
NEUTRALNI,ELISA
NEUTRALNI,ELISHA
NEUTRALNI,ELÍŠA
NEUTRALNI,ELIZA
NEUTRALNI,ELIZE
NEUTRALNI,ELKE
NEUTRALNI,ELLA
NEUTRALNI,ELLE
NEUTRALNI,ELLEN
NEUTRALNI,ELLI
NEUTRALNI,ELLIOT
NEUTRALNI,ELLIS
NEUTRALNI,ELLO
NEUTRALNI,ELLUS
NEUTRALNI,ELLY
NEUTRALNI,ELMAS
NEUTRALNI,ELME
NEUTRALNI,ELNOR
NEUTRALNI,ELS
NEUTRALNI,ELSE
NEUTRALNI,ELTJE
NEUTRALNI,ELTJO
NEUTRALNI,ELTSJE
NEUTRALNI,ELVAN
NEUTRALNI,ELVE
NEUTRALNI,ELVOR
NEUTRALNI,ELVY
NEUTRALNI,ELY
NEUTRALNI,ELZA
NEUTRALNI,ELZE
NEUTRALNI,EM
NEUTRALNI,EMANUELE
NEUTRALNI,EME
NEUTRALNI,EMEK
NEUTRALNI,EMEL
NEUTRALNI,EMELIN
NEUTRALNI,EMER
NEUTRALNI,EMERA
NEUTRALNI,EMERENCE
NEUTRALNI,EMERIE
NEUTRALNI,EMERY
NEUTRALNI,EMFRID
NEUTRALNI,EMI
NEUTRALNI,EMILE
NEUTRALNI,EMILY
ZENA,EMILY
NEUTRALNI,EMKE
NEUTRALNI,EMLYN
NEUTRALNI,EMORY
NEUTRALNI,ENDA
NEUTRALNI,ENDER
NEUTRALNI,ENDRY
NEUTRALNI,ENDZA
NEUTRALNI,ENE
NEUTRALNI,ENEA
NEUTRALNI,ENEMONA
NEUTRALNI,ENERONA
NEUTRALNI,ENGEL
NEUTRALNI,ENGELKE
NEUTRALNI,ENGINSU
NEUTRALNI,ENGLIKA
NEUTRALNI,ENIOLA
NEUTRALNI,ENIS
NEUTRALNI,ENITAN
NEUTRALNI,ENKE
NEUTRALNI,ENNIS
NEUTRALNI,ENOSAKHARE
NEUTRALNI,ENSI
NEUTRALNI,ENTE
NEUTRALNI,ENYAMA
NEUTRALNI,EPKE
NEUTRALNI,EPPE
NEUTRALNI,EPPIEN
NEUTRALNI,EQQIMMAALAAQ
NEUTRALNI,EQQITSUMMA
NEUTRALNI,EQQUMAQ
NEUTRALNI,ERČIS
NEUTRALNI,ERDEM
NEUTRALNI,ERDEMLI
NEUTRALNI,ERDENAY
NEUTRALNI,EREN
NEUTRALNI,ERÉN
NEUTRALNI,ERENAY
NEUTRALNI,ERGENE
NEUTRALNI,ERGÜL
NEUTRALNI,ERCHIS
NEUTRALNI,ERI
NEUTRALNI,ERIE
NEUTRALNI,ERIM
NEUTRALNI,ERIN
NEUTRALNI,ERINARTEQ
NEUTRALNI,ERINÇ
NEUTRALNI,ERIS
NEUTRALNI,ERKERS
NEUTRALNI,ERLFRIED
NEUTRALNI,ERMA
NEUTRALNI,ERNE
NEUTRALNI,ERNGUTA
NEUTRALNI,ERNGUTAQ
NEUTRALNI,ERNI
NEUTRALNI,ERNIE
NEUTRALNI,ERNUTAARAQ
NEUTRALNI,ERNUTANNGUAQ
NEUTRALNI,ERNUTAQ
NEUTRALNI,ERNY
NEUTRALNI,ERSIN
NEUTRALNI,ERTIT
NEUTRALNI,ERTÜZ
NEUTRALNI,ERTÜZÜN
NEUTRALNI,ERU
NEUTRALNI,ERYL
NEUTRALNI,ESA
NEUTRALNI,ESEN
NEUTRALNI,ESER
NEUTRALNI,ESKE
NEUTRALNI,ESME
NEUTRALNI,ESMÉ
NEUTRALNI,ESPEN
NEUTRALNI,ESRA
NEUTRALNI,ESSE
NEUTRALNI,ESTES
NEUTRALNI,ETE
NEUTRALNI,ETHEL
NEUTRALNI,ETHNI
NEUTRALNI,EUGENE
NEUTRALNI,EUNICE
NEUTRALNI,EUSTOCHIUM
NEUTRALNI,EUWKE
NEUTRALNI,EVAN
NEUTRALNI,EVANGELISTA
NEUTRALNI,EVCIL
NEUTRALNI,EVE
NEUTRALNI,EVELIN
NEUTRALNI,EVELYN
NEUTRALNI,EVIE
NEUTRALNI,EVON
NEUTRALNI,EVRIM
NEUTRALNI,EWE
NEUTRALNI,EYBE
NEUTRALNI,EYLEKE
NEUTRALNI,EZECHIA
NEUTRALNI,EZRA
NEUTRALNI,EZRI
NEUTRALNI,FABIE
NEUTRALNI,FAHAMET
NEUTRALNI,FAITH
NEUTRALNI,FALE
NEUTRALNI,FALKE
NEUTRALNI,FALL
NEUTRALNI,FÄNN
NEUTRALNI,FANUS
NEUTRALNI,FARE
NEUTRALNI,FARÍD
NEUTRALNI,FATIN
NEUTRALNI,FÉ
NEUTRALNI,FEE
NEUTRALNI,FEHAMET
NEUTRALNI,FEI
NEUTRALNI,FEIE
NEUTRALNI,FEIGE
NEUTRALNI,FEIKE
NEUTRALNI,FELICE
NEUTRALNI,FELIZ
NEUTRALNI,FEMBE
NEUTRALNI,FEMI
NEUTRALNI,FEMME
NEUTRALNI,FEN
NEUTRALNI,FENG
NEUTRALNI,FENN
NEUTRALNI,FENNEKE
NEUTRALNI,FERDA
NEUTRALNI,FEUKE
NEUTRALNI,FEZA
NEUTRALNI,FFRANSIS
NEUTRALNI,FIDAN
NEUTRALNI,FIDELIS
NEUTRALNI,FIEK
NEUTRALNI,FIETE
NEUTRALNI,FIETJE
NEUTRALNI,FIKRET
NEUTRALNI,FILA
NEUTRALNI,FILIPE
NEUTRALNI,FILSAN
NEUTRALNI,FINIAN
NEUTRALNI,FINLAY
NEUTRALNI,FINLEY
NEUTRALNI,FINN
NEUTRALNI,FINNE
NEUTRALNI,FINS
NEUTRALNI,FIRDAUS
NEUTRALNI,FIRDOS
NEUTRALNI,FIRYAL
NEUTRALNI,FLANN
NEUTRALNI,FLEUR
NEUTRALNI,FLOOR
NEUTRALNI,FLOR
NEUTRALNI,FLÔR
NEUTRALNI,FLORENCE
NEUTRALNI,FLORENS
NEUTRALNI,FLORENZ
NEUTRALNI,FLORIEN
NEUTRALNI,FLORIN
NEUTRALNI,FLORIS
NEUTRALNI,FOCKE
NEUTRALNI,FOCKO
NEUTRALNI,FOK
NEUTRALNI,FOKE
NEUTRALNI,FOKKA
NEUTRALNI,FOKKE
NEUTRALNI,FOKKO
NEUTRALNI,FOLKE
NEUTRALNI,FOUGERE
NEUTRALNI,FOUKE
NEUTRALNI,FOX
NEUTRALNI,FOY
NEUTRALNI,FRAN
NEUTRALNI,FRANC
NEUTRALNI,FRANCE
NEUTRALNI,FRANCIE
NEUTRALNI,FRANCIS
NEUTRALNI,FRANKE
NEUTRALNI,FRANKIE
NEUTRALNI,FRANKLIN
NEUTRALNI,FRÄNZEL
NEUTRALNI,FREDA
NEUTRALNI,FREDDIE
NEUTRALNI,FREDDY
NEUTRALNI,FREDE
NEUTRALNI,FRÉDÉRIQUE
NEUTRALNI,FREE
NEUTRALNI,FRENNE
NEUTRALNI,FRERE
NEUTRALNI,FRICKE
NEUTRALNI,FRID
NEUTRALNI,FRIDEBORG
NEUTRALNI,FRIDL
NEUTRALNI,FRIEDEL
NEUTRALNI,FRIGGE
NEUTRALNI,FRIIS
NEUTRALNI,FRIKKE
NEUTRALNI,FRITZE
NEUTRALNI,FRODE
NEUTRALNI,FROHMUT
NEUTRALNI,FROST
NEUTRALNI,FU
NEUTRALNI,FUÁD
NEUTRALNI,FULKE
NEUTRALNI,FÜRCHTEGOTT
NEUTRALNI,FURSA
NEUTRALNI,FÜRUZAN
NEUTRALNI,GABI
NEUTRALNI,GABRIEL
NEUTRALNI,GABRIELE
NEUTRALNI,GABY
NEUTRALNI,GAEL
NEUTRALNI,GAIKE
NEUTRALNI,GAIL
NEUTRALNI,GAL
NEUTRALNI,GALE
NEUTRALNI,GAMÁL
NEUTRALNI,GARNET
NEUTRALNI,GAUDENCE
NEUTRALNI,GAUK
NEUTRALNI,GAUKE
NEUTRALNI,GAY
NEUTRALNI,GAZAL
NEUTRALNI,GÉ
NEUTRALNI,GEBA
NEUTRALNI,GEBBE
NEUTRALNI,GEBKE
NEUTRALNI,GEEKE
NEUTRALNI,GEEL
NEUTRALNI,GEERD
NEUTRALNI,GEERKE
NEUTRALNI,GEERTJE
NEUTRALNI,GEISEL
NEUTRALNI,GEKE
NEUTRALNI,GELI
NEUTRALNI,GENE
NEUTRALNI,GENIE
NEUTRALNI,GENO
NEUTRALNI,GEORGIA
NEUTRALNI,GEORGIE
NEUTRALNI,GEPKE
NEUTRALNI,GER
NEUTRALNI,GERA
NEUTRALNI,GERBERT
NEUTRALNI,GERBRICH
NEUTRALNI,GERD
NEUTRALNI,GERDE
NEUTRALNI,GERDI
NEUTRALNI,GERÉBERN
NEUTRALNI,GEREKE
NEUTRALNI,GERIKA
NEUTRALNI,GERIT
NEUTRALNI,GERKE
NEUTRALNI,GERKEN
NEUTRALNI,GERLANT
NEUTRALNI,GERLE
NEUTRALNI,GERMAINE
NEUTRALNI,GERRIE
NEUTRALNI,GERRIT
NEUTRALNI,GERRY
NEUTRALNI,GERT
NEUTRALNI,GERTS
NEUTRALNI,GERVAISE
NEUTRALNI,GESA
NEUTRALNI,GESAR
NEUTRALNI,GEVHER
NEUTRALNI,GEYIK
NEUTRALNI,GEZIN
NEUTRALNI,GHADIR
NEUTRALNI,GIA
NEUTRALNI,GIEDE
NEUTRALNI,GIHAN
NEUTRALNI,GIL
NEUTRALNI,GILA
NEUTRALNI,GILES
NEUTRALNI,GILG
NEUTRALNI,GILI
NEUTRALNI,GILL
NEUTRALNI,GILLA
NEUTRALNI,GILLES
NEUTRALNI,GILLIAN
NEUTRALNI,GILLOT
NEUTRALNI,GINGER
NEUTRALNI,GIØDE
NEUTRALNI,GIONA
NEUTRALNI,GISEL
NEUTRALNI,GISLE
NEUTRALNI,GÍTA
NEUTRALNI,GJØDE
NEUTRALNI,GLÄDJE
NEUTRALNI,GLAW
NEUTRALNI,GLEN
NEUTRALNI,GLENN
NEUTRALNI,GODE
NEUTRALNI,GÖDE
NEUTRALNI,GØDE
NEUTRALNI,GÖDEKE
NEUTRALNI,GÖDIKA
NEUTRALNI,GOFKE
NEUTRALNI,GÖKÇEK
NEUTRALNI,GÖKE
NEUTRALNI,GÖKMEN
NEUTRALNI,GÖKSEL
NEUTRALNI,GÖKSU
NEUTRALNI,GÖNEN
NEUTRALNI,GONNE
NEUTRALNI,GONNY
NEUTRALNI,GÖNÜLKUŞU
NEUTRALNI,GOOIKE
NEUTRALNI,GÖRAN
NEUTRALNI,GÖRAS
NEUTRALNI,GOREN
NEUTRALNI,GÖRKEM
NEUTRALNI,GÖRKEMLI
NEUTRALNI,GOSSAS
NEUTRALNI,GOSSE
NEUTRALNI,GÖTKE
NEUTRALNI,GOTTHILD
NEUTRALNI,GOUKE
NEUTRALNI,GÖZAYDIN
NEUTRALNI,GÖZEL
NEUTRALNI,GÖZEN
NEUTRALNI,GRA
NEUTRALNI,GRABB
NEUTRALNI,GRABERGS
NEUTRALNI,GRACIJA
NEUTRALNI,GRANNAS
NEUTRALNI,GRISCHA
NEUTRALNI,GROP
NEUTRALNI,GRUND
NEUTRALNI,GRUS
NEUTRALNI,GRUV
NEUTRALNI,GUAN
NEUTRALNI,GUBB
NEUTRALNI,GUCKU
NEUTRALNI,GUDE
NEUTRALNI,GUDKE
NEUTRALNI,GUDMUNDS
NEUTRALNI,GUEVARA
NEUTRALNI,GÜLEZ
NEUTRALNI,GÜLHAN
NEUTRALNI,GULJA
NEUTRALNI,GUM
NEUTRALNI,GÜMÜŞ
NEUTRALNI,GÜNAL
NEUTRALNI,GÜNAY
NEUTRALNI,GÜNDEŞ
NEUTRALNI,GUNDI
NEUTRALNI,GÜNDÜZ
NEUTRALNI,GÜNDÜZÜN
NEUTRALNI,GÜNEL
NEUTRALNI,GÜNER
NEUTRALNI,GÜNEŞ
NEUTRALNI,GÜNEY
NEUTRALNI,GUNNANA
NEUTRALNI,GUNNARS
NEUTRALNI,GUNNE
NEUTRALNI,GUNNI
NEUTRALNI,GÜRAL
NEUTRALNI,GÜRAY
NEUTRALNI,GÜRCAN
NEUTRALNI,GÜRDAL
NEUTRALNI,GURUNG
NEUTRALNI,GUS
NEUTRALNI,GUSCHA
NEUTRALNI,GUSS
NEUTRALNI,GUSSIE
NEUTRALNI,GUSSY
NEUTRALNI,GUST
NEUTRALNI,GUSTAVE
NEUTRALNI,GUSTE
NEUTRALNI,GUSTEL
NEUTRALNI,GUSTEN
NEUTRALNI,GUSTI
NEUTRALNI,GUSTIN
NEUTRALNI,GUSTL
NEUTRALNI,GÜVEM
NEUTRALNI,GÜVEN
NEUTRALNI,GUY
NEUTRALNI,GÜZEL
NEUTRALNI,GWYN
NEUTRALNI,HA
NEUTRALNI,HABEL
NEUTRALNI,HADAR
NEUTRALNI,HAGA
NEUTRALNI,HAGAR
NEUTRALNI,HAGGAI
NEUTRALNI,HAI
NEUTRALNI,HAIKE
NEUTRALNI,HALE
NEUTRALNI,HALET
NEUTRALNI,HALKE
NEUTRALNI,HÂLL
NEUTRALNI,HALLBUS
NEUTRALNI,HALLY
NEUTRALNI,HALVAR
NEUTRALNI,HALVARS
NEUTRALNI,HAMDI
NEUTRALNI,HAMPUS
NEUTRALNI,HAN
ZENA,HANA
NEUTRALNI,HANAN
NEUTRALNI,HANH
NEUTRALNI,HANIA
NEUTRALNI,HANIN
NEUTRALNI,HANKE
NEUTRALNI,HANNE
NEUTRALNI,HANSES
NEUTRALNI,HANSI
NEUTRALNI,HANSY
NEUTRALNI,HAPPY
NEUTRALNI,HARD
NEUTRALNI,HARDI
NEUTRALNI,HARDY
NEUTRALNI,HARKE
NEUTRALNI,HARLEY
NEUTRALNI,HARLOWE
NEUTRALNI,HARPER
NEUTRALNI,HARS
NEUTRALNI,HART
NEUTRALNI,HARTEKE
NEUTRALNI,HARU
NEUTRALNI,HARUA
NEUTRALNI,HARUHI
NEUTRALNI,HARUI
NEUTRALNI,HARUKA
NEUTRALNI,HARUKI
NEUTRALNI,HARUMI
NEUTRALNI,HASSEL
NEUTRALNI,HATAY
NEUTRALNI,HATSUKI
NEUTRALNI,HATTY
NEUTRALNI,HAU
NEUTRALNI,HAUK
NEUTRALNI,HAUKE
NEUTRALNI,HAYAT
NEUTRALNI,HAYATO
NEUTRALNI,HAYKE
NEUTRALNI,HAYRAN
NEUTRALNI,HAYRET
NEUTRALNI,HAZEL
NEUTRALNI,HEATH
NEUTRALNI,HEBEL
NEUTRALNI,HEBELE
NEUTRALNI,HED
NEUTRALNI,HEDDA
NEUTRALNI,HEDDE
NEUTRALNI,HEDE
NEUTRALNI,HEGE
NEUTRALNI,HEIDGAR
NEUTRALNI,HEIKE
NEUTRALNI,HEILE
NEUTRALNI,HEILWIG
NEUTRALNI,HEIMKE
NEUTRALNI,HEINI
NEUTRALNI,HEINKE
NEUTRALNI,HEINTJE
NEUTRALNI,HELE
NEUTRALNI,HELFRID
NEUTRALNI,HELGARD
NEUTRALNI,HELGE
NEUTRALNI,HELGI
NEUTRALNI,HELI
NEUTRALNI,HELKE
NEUTRALNI,HELLE
NEUTRALNI,HELLEN
NEUTRALNI,HELLFRID
NEUTRALNI,HELLFRIED
NEUTRALNI,HELMI
NEUTRALNI,HELMKE
NEUTRALNI,HELVIG
NEUTRALNI,HEMKE
NEUTRALNI,HENKE
NEUTRALNI,HENNI
NEUTRALNI,HENNIE
NEUTRALNI,HENNY
NEUTRALNI,HEP
NEUTRALNI,HEPKE
NEUTRALNI,HERBIE
NEUTRALNI,HERE
NEUTRALNI,HERMI
NEUTRALNI,HERMIA
NEUTRALNI,HERMIEN
NEUTRALNI,HERMIN
NEUTRALNI,HERO
NEUTRALNI,HERRAD
NEUTRALNI,HERRAT
NEUTRALNI,HESSEL
NEUTRALNI,HETE
NEUTRALNI,HETTE
NEUTRALNI,HEULOG
NEUTRALNI,HEZEKIAH
NEUTRALNI,HI
NEUTRALNI,HIBBEL
NEUTRALNI,HIBBELE
NEUTRALNI,HIBIKI
NEUTRALNI,HICRAN
NEUTRALNI,HIDAYET
NEUTRALNI,HIDDE
NEUTRALNI,HIIRO
NEUTRALNI,HIKARI
NEUTRALNI,HIKE
NEUTRALNI,HIKMAT
NEUTRALNI,HIKMET
NEUTRALNI,HILAL
NEUTRALNI,HILARY
NEUTRALNI,HILD
NEUTRALNI,HILDE
NEUTRALNI,HILDEGAR
NEUTRALNI,HILDEGRIM
NEUTRALNI,HILDEMAR
NEUTRALNI,HILDEMUT
NEUTRALNI,HILDIGRIM
NEUTRALNI,HILDIMOD
NEUTRALNI,HILKE
NEUTRALNI,HILL
NEUTRALNI,HILLARY
NEUTRALNI,HILLE
NEUTRALNI,HILLI
NEUTRALNI,HILTJE
NEUTRALNI,HILTKE
NEUTRALNI,HINATA
NEUTRALNI,HIOLÁIR
NEUTRALNI,HIPKE
NEUTRALNI,HIRO
NEUTRALNI,HIROMI
NEUTRALNI,HISKE
NEUTRALNI,HISSE
NEUTRALNI,HIYORI
NEUTRALNI,HIZUKI
NEUTRALNI,HOA
NEUTRALNI,HOANG
NEUTRALNI,HÖGOSTA
NEUTRALNI,HOL
NEUTRALNI,HOLDE
NEUTRALNI,HOLK
NEUTRALNI,HOLLE
NEUTRALNI,HOLLY
NEUTRALNI,HOLMFRID
NEUTRALNI,HONG
NEUTRALNI,HONOR
NEUTRALNI,HOPE
NEUTRALNI,HOSANNA
NEUTRALNI,HOUK
NEUTRALNI,HOUKE
NEUTRALNI,HUAN
NEUTRALNI,HUI
NEUTRALNI,HÜMAYUN
NEUTRALNI,HUMLAN
NEUTRALNI,HUNE
NEUTRALNI,HUNTER
NEUTRALNI,HURAIRA
NEUTRALNI,HURI
NEUTRALNI,HURREM
NEUTRALNI,HÜVEYDA
NEUTRALNI,HUY
NEUTRALNI,HYACINTH
NEUTRALNI,HYACINTHE
NEUTRALNI,HYAZINTH
NEUTRALNI,HYLKE
NEUTRALNI,HYLTSJE
NEUTRALNI,CHANDLER
NEUTRALNI,CHANDRA
NEUTRALNI,CHANEL
NEUTRALNI,CHANTAL
NEUTRALNI,CHARIS
NEUTRALNI,CHARLEY
NEUTRALNI,CHARLOT
NEUTRALNI,CHARLIE
NEUTRALNI,CHARLY
NEUTRALNI,CHAU
NEUTRALNI,CHEL
NEUTRALNI,CHELSEA
NEUTRALNI,CHEN
NEUTRALNI,CHENG
NEUTRALNI,CHEYENNE
NEUTRALNI,CHI
NEUTRALNI,CHIAKI
NEUTRALNI,CHIBUZOR
NEUTRALNI,CHIDERA
NEUTRALNI,CHIGOZIE
NEUTRALNI,CHIHARU
NEUTRALNI,CHIHIRO
NEUTRALNI,CHISATO
NEUTRALNI,CHLOÉ
NEUTRALNI,CHLORIS
NEUTRALNI,CHORRAM
NEUTRALNI,CHRIS
NEUTRALNI,CHRISTEL
NEUTRALNI,CHRISTI
NEUTRALNI,CHRISTIE
NEUTRALNI,CHRISTY
NEUTRALNI,CHUC
NEUTRALNI,CHUN
NEUTRALNI,CHUNG
NEUTRALNI,IB
NEUTRALNI,IBRICH
NEUTRALNI,IBUKI
NEUTRALNI,IBUKUN
NEUTRALNI,ICKE
NEUTRALNI,IÇLI
NEUTRALNI,IDA
NEUTRALNI,IDAN
NEUTRALNI,IDE
NEUTRALNI,IDEL
NEUTRALNI,IDSKE
NEUTRALNI,IEKE
NEUTRALNI,IEMKE
NEUTRALNI,IES
NEUTRALNI,IETE
NEUTRALNI,IETSJE
NEUTRALNI,IEUKE
NEUTRALNI,IFEMIDE
NEUTRALNI,IGE
NEUTRALNI,IHAB
NEUTRALNI,IHÁB
NEUTRALNI,IHANTI
NEUTRALNI,IHSAN
NEUTRALNI,IHSÁN
NEUTRALNI,ICHIGO
NEUTRALNI,ICHIKA
NEUTRALNI,ICHINO
NEUTRALNI,IIKAJIPPAAT
NEUTRALNI,IIKIITSOQ
NEUTRALNI,IIKIITSU
NEUTRALNI,IIKKAJIPPAAT
NEUTRALNI,IIKKULUK
NEUTRALNI,IINNGUAQ
NEUTRALNI,IISIMMAAQ
NEUTRALNI,IJANGAATSEQ
NEUTRALNI,IJLKE
NEUTRALNI,IKE
NEUTRALNI,IKIMALEQ
NEUTRALNI,IKÍNGUT
NEUTRALNI,IKINNGUT
NEUTRALNI,IKISOQ
NEUTRALNI,IKRAAM
NEUTRALNI,IKRAM
NEUTRALNI,ILAATSOQ
NEUTRALNI,ILAATSUK
NEUTRALNI,ILAATSUNNGUAQ
NEUTRALNI,ILAITSOQ
NEUTRALNI,ILAITSUK
NEUTRALNI,ILAITSUNNGUAQ
NEUTRALNI,ILAR
NEUTRALNI,ILBÄCKS
NEUTRALNI,ILDEM
NEUTRALNI,ILDEŞ
NEUTRALNI,ILDIZ
NEUTRALNI,ILG
NEUTRALNI,ILGAZ
NEUTRALNI,ILGÜN
NEUTRALNI,ILHAM
NEUTRALNI,ILHAN
NEUTRALNI,ILIJA
NEUTRALNI,ILIKKAJIPPAAT
NEUTRALNI,ILISIMMAAQ
NEUTRALNI,ILIZ
NEUTRALNI,ILJA
NEUTRALNI,ILKAN
NEUTRALNI,ILKAY
NEUTRALNI,ILKE
NEUTRALNI,ILKIM
NEUTRALNI,ILKIN
NEUTRALNI,ILLAND
NEUTRALNI,ILLO
NEUTRALNI,ILO
NEUTRALNI,IMAN
NEUTRALNI,IMFURA
NEUTRALNI,IMINNGUAQ
NEUTRALNI,IMRAN
NEUTRALNI,INAYET
NEUTRALNI,INBAR
NEUTRALNI,INCE
NEUTRALNI,INDERJIT
NEUTRALNI,INDIANA
NEUTRALNI,INDIGO
NEUTRALNI,INDRA
NEUTRALNI,INDY
NEUTRALNI,INE
NEUTRALNI,INEKE
NEUTRALNI,INEQU
NEUTRALNI,INEQUNAALUK
NEUTRALNI,INEQUNAAQ
NEUTRALNI,INEQUNARTOQ
NEUTRALNI,INES
NEUTRALNI,ING
NEUTRALNI,INGAR
NEUTRALNI,INGE
NEUTRALNI,INGEBORGS
NEUTRALNI,INGEL
NEUTRALNI,INGEMAN
NEUTRALNI,INGEMANN
NEUTRALNI,INGEMAR
NEUTRALNI,INGER
NEUTRALNI,INGERT
NEUTRALNI,INGRI
NEUTRALNI,INGRIDS
NEUTRALNI,INGVOR
NEUTRALNI,INKE
NEUTRALNI,INNE
NEUTRALNI,INNERUULAQ
NEUTRALNI,INNES
NEUTRALNI,INOORAQ
NEUTRALNI,INSE
NEUTRALNI,INTE
NEUTRALNI,INUINNAQ
NEUTRALNI,INUK
NEUTRALNI,INUKKULUK
NEUTRALNI,INÚKULUK
NEUTRALNI,INUNGASOQ
NEUTRALNI,INUNNGUAQ
NEUTRALNI,INUPPAAQ
NEUTRALNI,INUUJOOQ
NEUTRALNI,IONA
NEUTRALNI,IORI
NEUTRALNI,IRA
NEUTRALNI,IREN
NEUTRALNI,IRÉNÉE
NEUTRALNI,IRENES
NEUTRALNI,IRFAN
NEUTRALNI,IRIE
NEUTRALNI,IRMFRIED
NEUTRALNI,IRTEK
NEUTRALNI,ISA
NEUTRALNI,ISAMU
NEUTRALNI,ISE
NEUTRALNI,ISEN
NEUTRALNI,ISELIN
NEUTRALNI,ISHAL
NEUTRALNI,ISI
NEUTRALNI,ISIDORE
NEUTRALNI,ISILAR
NEUTRALNI,ISILTAN
NEUTRALNI,ISIN
NEUTRALNI,ISINSU
NEUTRALNI,ISKIT
NEUTRALNI,ISLAM
NEUTRALNI,ISMAT
NEUTRALNI,ISMET
NEUTRALNI,ISOKEN
NEUTRALNI,ISRAELS
NEUTRALNI,ISSA
NEUTRALNI,ISTIKLAL
NEUTRALNI,ITE
NEUTRALNI,ITJE
NEUTRALNI,ITO
NEUTRALNI,ITOSHI
NEUTRALNI,ITSUKI
ZENA,IVA
NEUTRALNI,IVARS
NEUTRALNI,IVE
NEUTRALNI,IVERNAAJIK
NEUTRALNI,IVERNÂJIK
NEUTRALNI,IVICA
NEUTRALNI,IVIK
NEUTRALNI,IVINNGUAQ
NEUTRALNI,IVON
NEUTRALNI,IVOR
NEUTRALNI,IZGI
NEUTRALNI,IZZY
NEUTRALNI,JACE
NEUTRALNI,JACKIE
NEUTRALNI,JACKY
NEUTRALNI,JACOB
NEUTRALNI,JADA
NEUTRALNI,JADEN
NEUTRALNI,JAE
NEUTRALNI,JAEL
NEUTRALNI,JACHYM
NEUTRALNI,JAIME
NEUTRALNI,JAIMIE
NEUTRALNI,JAK
NEUTRALNI,JAKOBS
NEUTRALNI,JALAVA
NEUTRALNI,JAMAL
NEUTRALNI,JAMÁL
NEUTRALNI,JAMIE
NEUTRALNI,JAMY
MUZ,JAN
NEUTRALNI,JANE
NEUTRALNI,JANI
NEUTRALNI,JANICK
NEUTRALNI,JANIS
NEUTRALNI,JANKE
NEUTRALNI,JANNA
NEUTRALNI,JANNE
NEUTRALNI,JANNI
NEUTRALNI,JANNICK
NEUTRALNI,JANNY
NEUTRALNI,JANS
NEUTRALNI,JANTJE
NEUTRALNI,JANY
NEUTRALNI,JAP
NEUTRALNI,JAPKE
NEUTRALNI,JAPPE
NEUTRALNI,JARA
NEUTRALNI,JARD
NEUTRALNI,JARMKE
NEUTRALNI,JASCHA
NEUTRALNI,JASMIN
NEUTRALNI,JASMINE
NEUTRALNI,JAY
NEUTRALNI,JAYE
NEUTRALNI,JEAN
NEUTRALNI,JEANE
NEUTRALNI,JEDIDIAH
NEUTRALNI,JEDIDJA
NEUTRALNI,JEHAD
NEUTRALNI,JËIËL
NEUTRALNI,JEKFER
NEUTRALNI,JELKA
NEUTRALNI,JELKE
NEUTRALNI,JELLE
NEUTRALNI,JELMER
NEUTRALNI,JELSKE
NEUTRALNI,JELSTE
NEUTRALNI,JELTE
NEUTRALNI,JELTSEN
NEUTRALNI,JEN
NEUTRALNI,JENKE
NEUTRALNI,JENNE
NEUTRALNI,JENNEKE
NEUTRALNI,JENNI
NEUTRALNI,JENNIS
NEUTRALNI,JENTE
NEUTRALNI,JENTSJE
NEUTRALNI,JERICHO
NEUTRALNI,JERKEN
NEUTRALNI,JERRIE
NEUTRALNI,JERRIT
NEUTRALNI,JERRY
NEUTRALNI,JERS
NEUTRALNI,JESKE
NEUTRALNI,JESS
NEUTRALNI,JESSE
NEUTRALNI,JESSIE
NEUTRALNI,JEŠE
NEUTRALNI,JETTE
NEUTRALNI,JIA
NEUTRALNI,JIAXIN
NEUTRALNI,JIE
NEUTRALNI,JIIA
NEUTRALNI,JILL
NEUTRALNI,JILLIAN
NEUTRALNI,JIN
NEUTRALNI,JINÁN
NEUTRALNI,JINDRA
NEUTRALNI,JING
NEUTRALNI,JINK
NEUTRALNI,JINKE
NEUTRALNI,JINTSJE
NEUTRALNI,JIPPE
NEUTRALNI,JIRKA
NEUTRALNI,JO
NEUTRALNI,JOA
NEUTRALNI,JOAN
NEUTRALNI,JOANN
NEUTRALNI,JOBS
NEUTRALNI,JOCELIN
NEUTRALNI,JOCELYN
NEUTRALNI,JOCELYNE
NEUTRALNI,JODEL
NEUTRALNI,JODY
NEUTRALNI,JOE
NEUTRALNI,JOHAN
NEUTRALNI,JOHNNIE
NEUTRALNI,JOHNNY
NEUTRALNI,JOHNY
NEUTRALNI,JOKE
NEUTRALNI,JOLKE
NEUTRALNI,JOLLY
NEUTRALNI,JOLT
NEUTRALNI,JOLYON
NEUTRALNI,JON
NEUTRALNI,JONA
NEUTRALNI,JONAS
NEUTRALNI,JONES
NEUTRALNI,JONI
NEUTRALNI,JONNIE
NEUTRALNI,JONNY
NEUTRALNI,JONS
NEUTRALNI,JÖNS
NEUTRALNI,JÖNSES
NEUTRALNI,JONTE
NEUTRALNI,JONY
NEUTRALNI,JOOLS
NEUTRALNI,JORDAN
NEUTRALNI,JORI
NEUTRALNI,JORJA
NEUTRALNI,JORUNN
NEUTRALNI,JOS
NEUTRALNI,JOSA
NEUTRALNI,JOSCELIN
NEUTRALNI,JOSÉ
NEUTRALNI,JOSEPHIN
NEUTRALNI,JOSÉPHIN
NEUTRALNI,JOSEY
NEUTRALNI,JOSIA
NEUTRALNI,JOSLYN
NEUTRALNI,JOSS
NEUTRALNI,JOSSELIN
NEUTRALNI,JOSY
NEUTRALNI,JOVITA
NEUTRALNI,JOYCE
NEUTRALNI,JUDA
NEUTRALNI,JUDE
NEUTRALNI,JUDI
NEUTRALNI,JUGAS
NEUTRALNI,JUKI
NEUTRALNI,JUL
NEUTRALNI,JULES
NEUTRALNI,JULIE
NEUTRALNI,JULIEN
NEUTRALNI,JUN
NEUTRALNI,JURA
NEUTRALNI,JURRIE
NEUTRALNI,JUSTE
NEUTRALNI,JUSTEL
NEUTRALNI,JUSTIN
NEUTRALNI,JUUL
NEUTRALNI,JUVAS
NEUTRALNI,KAAKA
NEUTRALNI,KAAKAAQ
NEUTRALNI,KAAKAJIK
NEUTRALNI,KAAN
NEUTRALNI,KAASUARNAAT
NEUTRALNI,KAATAQ
NEUTRALNI,KAATSAANNAQ
NEUTRALNI,KAATSUARNAAT
NEUTRALNI,KACEY
NEUTRALNI,KADAM
NEUTRALNI,KADEK
NEUTRALNI,KADEL
NEUTRALNI,KADER
NEUTRALNI,KAEDE
NEUTRALNI,KAGURA
NEUTRALNI,KAI
NEUTRALNI,KAIE
NEUTRALNI,KAIHO
NEUTRALNI,KAILASH
NEUTRALNI,KAINO
NEUTRALNI,KAIRI
NEUTRALNI,KAISA
NEUTRALNI,KAJ
NEUTRALNI,KAJA
NEUTRALNI,KÁJA
NEUTRALNI,KAJUÍNA
NEUTRALNI,KAJUINNA
NEUTRALNI,KAKA
NEUTRALNI,KAKAKA
NEUTRALNI,KAKKAMAAQ
NEUTRALNI,KAL
NEUTRALNI,KALA
NEUTRALNI,KALI
NEUTRALNI,KALLE
NEUTRALNI,KALLI
NEUTRALNI,KALLIE
NEUTRALNI,KAMA
NEUTRALNI,KAMALA
NEUTRALNI,KAMER
NEUTRALNI,KAMI
NEUTRALNI,KAMIK
NEUTRALNI,KAMSI
NEUTRALNI,KÂMURAN
NEUTRALNI,KANA
NEUTRALNI,KANADE
NEUTRALNI,KANAME
NEUTRALNI,KANAU
NEUTRALNI,KANG
NEUTRALNI,KANIK
NEUTRALNI,KANISICAK
NEUTRALNI,KANKE
NEUTRALNI,KANLICIM
NEUTRALNI,KANNE
NEUTRALNI,KANON
NEUTRALNI,KANWAL
NEUTRALNI,KAORU
NEUTRALNI,KAOS
NEUTRALNI,KAPAR
NEUTRALNI,KARA
NEUTRALNI,KARABAŞ
NEUTRALNI,KARABOGAZ
NEUTRALNI,KARABUGDAY
NEUTRALNI,KARACA
NEUTRALNI,KARAKONCOLOS
NEUTRALNI,KARAM
NEUTRALNI,KARATIKEN
MUZ,KAREL
NEUTRALNI,KARELL
NEUTRALNI,KAREN
NEUTRALNI,KARI
NEUTRALNI,KARIN
NEUTRALNI,KARINCA
NEUTRALNI,KARINDAS
NEUTRALNI,KARLI
NEUTRALNI,KARLS
NEUTRALNI,KAROL
NEUTRALNI,KARSTJEN
NEUTRALNI,KARTAAVA
NEUTRALNI,KASAI
NEUTRALNI,KASHETU
NEUTRALNI,KASIK
NEUTRALNI,KAT
NEUTRALNI,KATE
NEUTRALNI,KATTIS
NEUTRALNI,KAUSAR
NEUTRALNI,KAVYA
NEUTRALNI,KAY
NEUTRALNI,KAYA
NEUTRALNI,KAYAN
NEUTRALNI,KAYE
NEUTRALNI,KAYO
NEUTRALNI,KAYODE
NEUTRALNI,KAYRA
NEUTRALNI,KAZUKI
NEUTRALNI,KAZUNA
NEUTRALNI,KAZUSA
NEUTRALNI,KEERSANGAQ
NEUTRALNI,KEI
NEUTRALNI,KEIT
NEUTRALNI,KEITH
NEUTRALNI,KEITO
NEUTRALNI,KEKE
NEUTRALNI,KELE
NEUTRALNI,KELLY
NEUTRALNI,KELSEY
NEUTRALNI,KEMA
NEUTRALNI,KEMIUNA
NEUTRALNI,KENDALL
NEUTRALNI,KENE
NEUTRALNI,KENNE
NEUTRALNI,KENNEDY
NEUTRALNI,KENNIE
NEUTRALNI,KENNY
NEUTRALNI,KEOMA
NEUTRALNI,KERAMET
NEUTRALNI,KERRY
NEUTRALNI,KERSTEN
NEUTRALNI,KEVKEP
NEUTRALNI,KEY
NEUTRALNI,KEYVENI
NEUTRALNI,KEZIAH
NEUTRALNI,KHANH
NEUTRALNI,KHISHIGSUREN
NEUTRALNI,KIBA
NEUTRALNI,KID
NEUTRALNI,KIDDE
NEUTRALNI,KIEZA
NEUTRALNI,KILAVUN
NEUTRALNI,KILLIAN
NEUTRALNI,KIM
NEUTRALNI,KIMBERLEY
NEUTRALNI,KIMBERLY
NEUTRALNI,KIMI
NEUTRALNI,KIMIE
NEUTRALNI,KIMM
NEUTRALNI,KINCAL
NEUTRALNI,KINLEY
NEUTRALNI,KIRA
NEUTRALNI,KIRAN
NEUTRALNI,KIRBY
NEUTRALNI,KIRSTEN
NEUTRALNI,KIRSTIN
NEUTRALNI,KIRSTY
NEUTRALNI,KIRY
NEUTRALNI,KIS
NEUTRALNI,KISMET
NEUTRALNI,KISS
NEUTRALNI,KIT
NEUTRALNI,KITT
NEUTRALNI,KIVI
NEUTRALNI,KIWI
NEUTRALNI,KIYMET
NEUTRALNI,KIZILELMA
NEUTRALNI,KJAER
NEUTRALNI,KLAAR
NEUTRALNI,KLAS
NEUTRALNI,KLOCKAR
NEUTRALNI,KLORIS
NEUTRALNI,KNAGG
NEUTRALNI,KNAPP
NEUTRALNI,KNEEL
NEUTRALNI,KNIF
NEUTRALNI,KNUTS
NEUTRALNI,KO
NEUTRALNI,KOA
NEUTRALNI,KOHAKU
NEUTRALNI,KOKORO
NEUTRALNI,KOLJA
NEUTRALNI,KOLJU
NEUTRALNI,KOMANG
NEUTRALNI,KONCA
NEUTRALNI,KONNE
NEUTRALNI,KONNI
NEUTRALNI,KONNY
NEUTRALNI,KONSTANS
NEUTRALNI,KONUK
NEUTRALNI,KOOB
NEUTRALNI,KOOS
NEUTRALNI,KORA
NEUTRALNI,KORDEL
NEUTRALNI,KORE
NEUTRALNI,KOSI
NEUTRALNI,KOSISOCHUKWU
NEUTRALNI,KOSMA
NEUTRALNI,KOSTAK
NEUTRALNI,KOTO
NEUTRALNI,KOTOHA
NEUTRALNI,KÖZ
NEUTRALNI,KRAK
NEUTRALNI,KRANG
NEUTRALNI,KREEL
NEUTRALNI,KREIN
NEUTRALNI,KRESZENS
NEUTRALNI,KRINE
NEUTRALNI,KRIS
NEUTRALNI,KRISHNA
NEUTRALNI,KRISCHNA
NEUTRALNI,KRISTA
NEUTRALNI,KRISTEL
NEUTRALNI,KRISTEN
NEUTRALNI,KRISTI
NEUTRALNI,KRISTIAN
NEUTRALNI,KRISTIEN
NEUTRALNI,KRISTIN
NEUTRALNI,KRISTYAN
NEUTRALNI,KUAN
NEUTRALNI,KUÁNIA
NEUTRALNI,KUANNIA
NEUTRALNI,KUDDUSI
NEUTRALNI,KUKA
NEUTRALNI,KUKKU
NEUTRALNI,KÚKO
NEUTRALNI,KUKUS
NEUTRALNI,KULA
NEUTRALNI,KULOOQ
NEUTRALNI,KULUK
NEUTRALNI,KÚNAK
NEUTRALNI,KÚNANA
NEUTRALNI,KUNNAK
NEUTRALNI,KUNNANA
NEUTRALNI,KUNNE
NEUTRALNI,KUNT
NEUTRALNI,KURUMI
NEUTRALNI,KUTAN
NEUTRALNI,KUTAY
NEUTRALNI,KUTLU
NEUTRALNI,KUTSAL
NEUTRALNI,KUTSALAN
NEUTRALNI,KUTSALAR
NEUTRALNI,KUTSAN
NEUTRALNI,KUU
NEUTRALNI,KUUNA
NEUTRALNI,KUURA
NEUTRALNI,KWASI
NEUTRALNI,KY
NEUTRALNI,KYLE
NEUTRALNI,KYM
NEUTRALNI,KYRIE
NEUTRALNI,LAAGE
NEUTRALNI,LAHJA
NEUTRALNI,LAINE
NEUTRALNI,LALITA
NEUTRALNI,LAM
NEUTRALNI,LAMIS
NEUTRALNI,LAMKE
NEUTRALNI,LAN
NEUTRALNI,LANCE
NEUTRALNI,LANE
NEUTRALNI,LANG
NEUTRALNI,LANGNILS
NEUTRALNI,LANNY
NEUTRALNI,LÄNSMANS
NEUTRALNI,LAONE
NEUTRALNI,LARIMAR
NEUTRALNI,LARK
NEUTRALNI,LARRY
NEUTRALNI,LASSAS
NEUTRALNI,LASSES
NEUTRALNI,LAU
NEUTRALNI,LAUF
NEUTRALNI,LAURA
NEUTRALNI,LAURE
NEUTRALNI,LAUREN
NEUTRALNI,LAURENCE
NEUTRALNI,LAURI
NEUTRALNI,LAURIE
NEUTRALNI,LAVERNE
NEUTRALNI,LAVI
NEUTRALNI,LAVIN
NEUTRALNI,LE
NEUTRALNI,LEE
NEUTRALNI,LÉGER
NEUTRALNI,LEI
NEUTRALNI,LEIGH
NEUTRALNI,LEINE
NEUTRALNI,LEMKE
NEUTRALNI,LEMME
NEUTRALNI,LENNIE
NEUTRALNI,LENNOX
NEUTRALNI,LENNY
NEUTRALNI,LEO
NEUTRALNI,LÉONCE
NEUTRALNI,LEONE
NEUTRALNI,LEONI
NEUTRALNI,LES
NEUTRALNI,LESLEY
NEUTRALNI,LESLIE
NEUTRALNI,LEVEKE
NEUTRALNI,LEVENT
NEUTRALNI,LEVI
NEUTRALNI,LEWE
NEUTRALNI,LEX
NEUTRALNI,LEXA
NEUTRALNI,LEXIE
NEUTRALNI,LEXIS
NEUTRALNI,LEXY
NEUTRALNI,LEY
NEUTRALNI,LI
NEUTRALNI,LIAN
NEUTRALNI,LIANG
NEUTRALNI,LIAS
NEUTRALNI,LIBERTY
NEUTRALNI,LIEBE
NEUTRALNI,LIEL
NEUTRALNI,LIEM
NEUTRALNI,LIEN
NEUTRALNI,LIEP
NEUTRALNI,LIESKE
NEUTRALNI,LIEU
NEUTRALNI,LIEUKE
NEUTRALNI,LIEUTSKE
NEUTRALNI,LILIAN
NEUTRALNI,LILITH
NEUTRALNI,LILLIAN
NEUTRALNI,LIM
NEUTRALNI,LIMKE
NEUTRALNI,LIN
NEUTRALNI,LIND
NEUTRALNI,LINDE
NEUTRALNI,LINDSAY
NEUTRALNI,LINDSEY
NEUTRALNI,LINDY
NEUTRALNI,LING
NEUTRALNI,LINH
NEUTRALNI,LINO
NEUTRALNI,LIOR
NEUTRALNI,LIRON
NEUTRALNI,LISA
NEUTRALNI,LISKE
NEUTRALNI,LISLE
NEUTRALNI,LISS
NEUTRALNI,LISSDANILS
NEUTRALNI,LISSEL
NEUTRALNI,LIU
NEUTRALNI,LIX
NEUTRALNI,LIZA
NEUTRALNI,LO
NEUTRALNI,LOE
NEUTRALNI,LOEK
NEUTRALNI,LOEPKE
NEUTRALNI,LOES
NEUTRALNI,LOGAN
NEUTRALNI,LOGN
NEUTRALNI,LOI
NEUTRALNI,LOIS
NEUTRALNI,LOK
NEUTRALNI,LOKI
NEUTRALNI,LOKKE
NEUTRALNI,LOLKE
NEUTRALNI,LOLO
NEUTRALNI,LON
NEUTRALNI,LONE
NEUTRALNI,LONI
NEUTRALNI,LORE
NEUTRALNI,LOREN
NEUTRALNI,LORI
NEUTRALNI,LORIAN
NEUTRALNI,LORIN
NEUTRALNI,LORIS
NEUTRALNI,LOTT
NEUTRALNI,LOTTE
NEUTRALNI,LOU
NEUTRALNI,LOUIE
NEUTRALNI,LOUIS
NEUTRALNI,LOUISON
NEUTRALNI,LOUKE
NEUTRALNI,LOUW
NEUTRALNI,LOVEDAY
NEUTRALNI,LOVIS
NEUTRALNI,LOWIS
NEUTRALNI,LU
NEUTRALNI,LÜBBE
NEUTRALNI,LUBKE
NEUTRALNI,LUC
NEUTRALNI,LUCA
NEUTRALNI,LUCE
NEUTRALNI,LUCIAN
NEUTRALNI,LUCIEN
NEUTRALNI,LUCIENE
NEUTRALNI,LÜCKE
NEUTRALNI,LUCKY
NEUTRALNI,LUCRECE
NEUTRALNI,LUCY
NEUTRALNI,LUD
NEUTRALNI,LUDE
NEUTRALNI,LUGGI
NEUTRALNI,LUICKE
NEUTRALNI,LUK
NEUTRALNI,LUKA
NEUTRALNI,LÜKE
NEUTRALNI,LÜKEN
NEUTRALNI,LUMEN
NEUTRALNI,LUMI
NEUTRALNI,LUND
NEUTRALNI,LUONG
NEUTRALNI,LUPKE
NEUTRALNI,LUT
NEUTRALNI,LUTSJE
NEUTRALNI,LUTSKE
NEUTRALNI,LUUTJE
NEUTRALNI,LUX
NEUTRALNI,LUZ
NEUTRALNI,LUZI
NEUTRALNI,LY
NEUTRALNI,LYCKE
NEUTRALNI,LYKKE
NEUTRALNI,LYLE
NEUTRALNI,LYN
NEUTRALNI,LYNDEN
NEUTRALNI,LYNN
NEUTRALNI,MAAI
NEUTRALNI,MAANNGUAQ
NEUTRALNI,MAAQUJUK
NEUTRALNI,MAAYAN
NEUTRALNI,MAC
NEUTRALNI,MACEY
NEUTRALNI,MACKENZIE
NEUTRALNI,MADDISON
NEUTRALNI,MADDOX
NEUTRALNI,MADDY
NEUTRALNI,MADE
NEUTRALNI,MADHAVA
NEUTRALNI,MADISON
NEUTRALNI,MAERT
NEUTRALNI,MAESON
NEUTRALNI,MAGE
NEUTRALNI,MAGNI
NEUTRALNI,MAGNIL
NEUTRALNI,MAGSERANNGUAQ
NEUTRALNI,MAHIRO
NEUTRALNI,MAI
NEUTRALNI,MAILIN
NEUTRALNI,MAINI
NEUTRALNI,MAINO
NEUTRALNI,MAIT
NEUTRALNI,MAITLAND
NEUTRALNI,MAJO
NEUTRALNI,MAJUUTAQ
NEUTRALNI,MAKE
NEUTRALNI,MAKI
NEUTRALNI,MAKKE
NEUTRALNI,MAKOTO
NEUTRALNI,MALAR
NEUTRALNI,MALLORY
NEUTRALNI,MALLYMKUN
NEUTRALNI,MALMURY
NEUTRALNI,MALON
NEUTRALNI,MAME
NEUTRALNI,MANAL
NEUTRALNI,MANÁL
NEUTRALNI,MANÁR
NEUTRALNI,MANAVE
NEUTRALNI,MANDY
NEUTRALNI,MANE
NEUTRALNI,MANG
NEUTRALNI,MANGS
NEUTRALNI,MANNAATSEQ
NEUTRALNI,MANNAATTEQ
NEUTRALNI,MANNY
NEUTRALNI,MANO
NEUTRALNI,MANOU
NEUTRALNI,MANS
NEUTRALNI,MANU
NEUTRALNI,MANUMINA
NEUTRALNI,MAO
NEUTRALNI,MAOILÍOSA
NEUTRALNI,MAQUJUK
NEUTRALNI,MARA
NEUTRALNI,MARAT
NEUTRALNI,MARCELL
NEUTRALNI,MARCO
NEUTRALNI,MARE
NEUTRALNI,MAREA
NEUTRALNI,MARESA
NEUTRALNI,MARGON
NEUTRALNI,MARI
MUZ,MARIAN
NEUTRALNI,MARIEL
NEUTRALNI,MARIEN
NEUTRALNI,MARIJN
NEUTRALNI,MARIN
NEUTRALNI,MARION
NEUTRALNI,MARIS
NEUTRALNI,MARLEY
NEUTRALNI,MARLIN
NEUTRALNI,MARS
NEUTRALNI,MART
NEUTRALNI,MARTE
NEUTRALNI,MARTENS
NEUTRALNI,MARTI
ZENA,MARTINA
NEUTRALNI,MARTINE
NEUTRALNI,MARTSEN
NEUTRALNI,MARTY
NEUTRALNI,MARTZEN
NEUTRALNI,MARU
NEUTRALNI,MARY
NEUTRALNI,MAS
NEUTRALNI,MASA
NEUTRALNI,MASAKI
NEUTRALNI,MASES
NEUTRALNI,MASIK
NEUTRALNI,MASSANNGUAQ
NEUTRALNI,MASSERANNGUAQ
NEUTRALNI,MAT
NEUTRALNI,MATE
NEUTRALNI,MATHIE
NEUTRALNI,MATHILDE
NEUTRALNI,MATI
NEUTRALNI,MATIJA
NEUTRALNI,MATS
NEUTRALNI,MATSURI
NEUTRALNI,MATTANJA
NEUTRALNI,MATTANJE
NEUTRALNI,MATTI
NEUTRALNI,MATTIA
NEUTRALNI,MATTIE
NEUTRALNI,MATTIS
NEUTRALNI,MATTY
NEUTRALNI,MATY
NEUTRALNI,MAU
NEUTRALNI,MAUD
NEUTRALNI,MAUP
NEUTRALNI,MAURICE
NEUTRALNI,MAVSANNGUAQ
NEUTRALNI,MAWAKI
NEUTRALNI,MAX
NEUTRALNI,MAXENCE
NEUTRALNI,MAXI
NEUTRALNI,MAXIE
NEUTRALNI,MAXIME
NEUTRALNI,MAXIN
NEUTRALNI,MAYA
NEUTRALNI,MAYRUK
NEUTRALNI,MECKE
NEUTRALNI,MEDENI
NEUTRALNI,MEENE
NEUTRALNI,MEERA
NEUTRALNI,MEERAQ
NEUTRALNI,MECHEL
NEUTRALNI,MEI
NEUTRALNI,MEIKE
NEUTRALNI,MEKE
NEUTRALNI,MEKKE
NEUTRALNI,MEL
NEUTRALNI,MELA
NEUTRALNI,MELAINE
NEUTRALNI,MELEK
NEUTRALNI,MELIAN
NEUTRALNI,MELIS
NEUTRALNI,MELLE
NEUTRALNI,MEMKE
NEUTRALNI,MENKE
NEUTRALNI,MENNA
NEUTRALNI,MENTE
NEUTRALNI,MENTHE
NEUTRALNI,MEQQOQ
NEUTRALNI,MEQQUNNGUAQ
NEUTRALNI,MER
NEUTRALNI,MEREDITH
NEUTRALNI,MERIEN
NEUTRALNI,MERLE
NEUTRALNI,MERLIJN
NEUTRALNI,MERLIN
NEUTRALNI,MERRILL
NEUTRALNI,MERRY
NEUTRALNI,MERTE
NEUTRALNI,MESTAN
NEUTRALNI,METE
NEUTRALNI,METTE
NEUTRALNI,MIA
NEUTRALNI,MIACH
NEUTRALNI,MIAO
NEUTRALNI,MICAL
NEUTRALNI,MICKAL
NEUTRALNI,MICKELS
NEUTRALNI,MICKEY
NEUTRALNI,MIEN
NEUTRALNI,MIES
NEUTRALNI,MIHIRO
NEUTRALNI,MICHA
MUZ,MICHAEL
NEUTRALNI,MICHAJA
MUZ,MICHAL
NEUTRALNI,MICHELE
NEUTRALNI,MICHELLE
NEUTRALNI,MICHI
NEUTRALNI,MICHOL
NEUTRALNI,MIKA
NEUTRALNI,MIKAH
NEUTRALNI,MIKAL
NEUTRALNI,MIKE
NEUTRALNI,MIKI
NEUTRALNI,MIKISOQ
NEUTRALNI,MIKISSUK
NEUTRALNI,MIKIVSSUK
NEUTRALNI,MIKO
NEUTRALNI,MIKOL
NEUTRALNI,MILANDU
NEUTRALNI,MILATTEEQ
NEUTRALNI,MILE
NEUTRALNI,MILES
NEUTRALNI,MILLE
NEUTRALNI,MILLI
NEUTRALNI,MILOTA
NEUTRALNI,MILTIADES
NEUTRALNI,MIN
NEUTRALNI,MINAGI
NEUTRALNI,MINEQ
NEUTRALNI,MING
NEUTRALNI,MINGO
NEUTRALNI,MINH
NEUTRALNI,MINI
NEUTRALNI,MINIK
NEUTRALNI,MINJA
NEUTRALNI,MINKE
NEUTRALNI,MINNE
NEUTRALNI,MINNEQ
NEUTRALNI,MINORI
NEUTRALNI,MINSKE
NEUTRALNI,MINTSJE
NEUTRALNI,MIO
NEUTRALNI,MIRAI
NEUTRALNI,MIRʼAT
NEUTRALNI,MIRAY
NEUTRALNI,MIRO
NEUTRALNI,MIRRIH
NEUTRALNI,MIRTIL
NEUTRALNI,MIRTILL
NEUTRALNI,MIRZA
NEUTRALNI,MISA
NEUTRALNI,MISAKI
NEUTRALNI,MISHA
NEUTRALNI,MISHEL
NEUTRALNI,MISCHA
NEUTRALNI,MISCHKA
NEUTRALNI,MISJA
NEUTRALNI,MÍŠA
NEUTRALNI,MIŠEEL
NEUTRALNI,MITSUKI
NEUTRALNI,MITU
NEUTRALNI,MIYABI
NEUTRALNI,MIZUHO
NEUTRALNI,MIZUKI
NEUTRALNI,MO
NEUTRALNI,MØ
NEUTRALNI,MODESTE
NEUTRALNI,MOKI
NEUTRALNI,MÖLLER
NEUTRALNI,MOMKE
NEUTRALNI,MOMME
NEUTRALNI,MONA
NEUTRALNI,MONTY
NEUTRALNI,MOR
NEUTRALNI,MÓR
NEUTRALNI,MORAL
NEUTRALNI,MORAY
NEUTRALNI,MORDECAI
NEUTRALNI,MORGAN
NEUTRALNI,MORLIN
NEUTRALNI,MORVEN
NEUTRALNI,MOYOSOREOLUWA
NEUTRALNI,MUALLA
NEUTRALNI,MUAMMER
NEUTRALNI,MÜBECCEL
NEUTRALNI,MUÇTEBA
NEUTRALNI,MÜEYYET
NEUTRALNI,MÜFERRIH
NEUTRALNI,MUFFET
NEUTRALNI,MUHTEREM
NEUTRALNI,MUI
NEUTRALNI,MUISTO
NEUTRALNI,MUMTAZ
NEUTRALNI,MUNJA
NEUTRALNI,MUNK
NEUTRALNI,MÜREN
NEUTRALNI,MURIEL
NEUTRALNI,MUSA
NEUTRALNI,MUTLU
NEUTRALNI,MUTZ
NEUTRALNI,MY
NEUTRALNI,MYGG
NEUTRALNI,MYGGAN
NEUTRALNI,MYR
NEUTRALNI,MYRSKY
NEUTRALNI,MYRTILLE
NEUTRALNI,MYSKIA
NEUTRALNI,NAAKASSAK
NEUTRALNI,NAALU
NEUTRALNI,NAANNGU
NEUTRALNI,NAATSOQ
NEUTRALNI,NAATTAAQ
NEUTRALNI,NADEEN
NEUTRALNI,NAGISA
NEUTRALNI,NAHED
NEUTRALNI,NAHID
NEUTRALNI,NAHNE
NEUTRALNI,NAHUM
NEUTRALNI,NAJAT
NEUTRALNI,NAKIVAT
NEUTRALNI,NALL
NEUTRALNI,NAMK
NEUTRALNI,NAMKE
NEUTRALNI,NAN
NEUTRALNI,NANAARTOQ
NEUTRALNI,NANAUK
NEUTRALNI,NANDE
NEUTRALNI,NANE
NEUTRALNI,NANKE
NEUTRALNI,NANNE
NEUTRALNI,NANNI
NEUTRALNI,NANT
NEUTRALNI,NANTJE
NEUTRALNI,NANY
NEUTRALNI,NAO
NEUTRALNI,NAOKO
NEUTRALNI,NAOMI
NEUTRALNI,NAPA
NEUTRALNI,NAPAARTOQ
NEUTRALNI,NAPATARIAQ
NEUTRALNI,NARCIS
NEUTRALNI,NARDE
NEUTRALNI,NARGES
NEUTRALNI,NARGIS
NEUTRALNI,NARI
NEUTRALNI,NARIMAN
NEUTRALNI,NARIN
NEUTRALNI,NARSÍNGÁTAK
NEUTRALNI,NARSINNGATTAK
NEUTRALNI,NÄS
NEUTRALNI,NASAASAQ
NEUTRALNI,NASH
NEUTRALNI,NASIM
NEUTRALNI,NASIMA
NEUTRALNI,NAT
NEUTRALNI,NATA
NEUTRALNI,NATAAQ
NEUTRALNI,NATALI
NEUTRALNI,NATALIS
NEUTRALNI,NATALY
NEUTRALNI,NATANAEL
NEUTRALNI,NATANJA
NEUTRALNI,NATHAN
NEUTRALNI,NATHANIA
NEUTRALNI,NATHANIEL
NEUTRALNI,NATSU
NEUTRALNI,NATSUKI
NEUTRALNI,NATTY
NEUTRALNI,NAVALUK
NEUTRALNI,NAYMAN
NEUTRALNI,NEANKE
NEUTRALNI,NECDET
NEUTRALNI,NEDRET
NEUTRALNI,NEEL
NEUTRALNI,NEELAM
NEUTRALNI,NEELE
NEUTRALNI,NEELKE
NEUTRALNI,NEELTJE
NEUTRALNI,NEEMA
NEUTRALNI,NEES
NEUTRALNI,NEIS
NEUTRALNI,NEL
NEUTRALNI,NELLIS
NEUTRALNI,NEMUTLU
NEUTRALNI,NEN
NEUTRALNI,NENE
NEUTRALNI,NENGAH
NEUTRALNI,NEO
NEUTRALNI,NEPHRITE
NEUTRALNI,NERI
NEUTRALNI,NERIMAN
NEUTRALNI,NERMIN
NEUTRALNI,NEST
NEUTRALNI,NEVILLE
NEUTRALNI,NEVIN
NEUTRALNI,NEVRES
NEUTRALNI,NEVRUZ
NEUTRALNI,NEVZAD
NEUTRALNI,NEVZAT
NEUTRALNI,NGOC
NEUTRALNI,NGOZI
NEUTRALNI,NGÛJUK *
NEUTRALNI,NGUUJUK
NEUTRALNI,NGUYEN
NEUTRALNI,NHAT
NEUTRALNI,NIAQOQ
NEUTRALNI,NICE
NEUTRALNI,NICEA
NEUTRALNI,NICETA
NEUTRALNI,NICHOLAS
NEUTRALNI,NICKI
NEUTRALNI,NICKY
NEUTRALNI,NICO
NEUTRALNI,NICOL
NEUTRALNI,NICOLA
NEUTRALNI,NICOLAS
NEUTRALNI,NIDAL
NEUTRALNI,NIHAD
NEUTRALNI,NIINU
NEUTRALNI,NIKA
NEUTRALNI,NIKI
NEUTRALNI,NIKITA
NEUTRALNI,NIKKI
NEUTRALNI,NIKO
NEUTRALNI,NIKO
NEUTRALNI,NIKOL
NEUTRALNI,NIKOLA
NEUTRALNI,NIKSA
NEUTRALNI,NIL
NEUTRALNI,NIMA
NEUTRALNI,NIMET
NEUTRALNI,NIN
NEUTRALNI,NINA
NEUTRALNI,NINES
NEUTRALNI,NINKE
NEUTRALNI,NINO
NEUTRALNI,NIO
NEUTRALNI,NISS
NEUTRALNI,NIVIAQ
NEUTRALNI,NOA
NEUTRALNI,NOAH
NEUTRALNI,NOAM
NEUTRALNI,NOBURU
NEUTRALNI,NOEL
NEUTRALNI,NOËL
NEUTRALNI,NOL
NEUTRALNI,NOLLAIG
NEUTRALNI,NOMKE
NEUTRALNI,NON
NEUTRALNI,NONKE
NEUTRALNI,NOOR
NEUTRALNI,NORE
NEUTRALNI,NÖRGAARD
NEUTRALNI,NORI
NEUTRALNI,NORTO
NEUTRALNI,NORTU
NEUTRALNI,NOUR
NEUTRALNI,NOVEMBER
NEUTRALNI,NOY
NEUTRALNI,NUANNERSOQ
NEUTRALNI,NUGARDS
NEUTRALNI,NUKA
NEUTRALNI,NUKAAKA
NEUTRALNI,NUKAALUK
NEUTRALNI,NUKAARANNGUAQ
NEUTRALNI,NUKAARAQ
NEUTRALNI,NUKAKKULUK
NEUTRALNI,NUKANGUAK
NEUTRALNI,NUKANGUAQ
NEUTRALNI,NUKANNGUAQ
NEUTRALNI,NUKANO
NEUTRALNI,NUKANU
NEUTRALNI,NUKANUNNGUAQ
NEUTRALNI,NUKARAK
NEUTRALNI,NUKARAQ
NEUTRALNI,NUKARLEQ
NEUTRALNI,NUKARLIAQ
NEUTRALNI,NUKARTAA
NEUTRALNI,NUKARTAAQ
NEUTRALNI,NUKARTAAVA
NEUTRALNI,NUKARTAAVARANNGUAQ
NEUTRALNI,NUKASSI
NEUTRALNI,NUKATA
NEUTRALNI,NUKATSIAQ
NEUTRALNI,NUKKIAQ
NEUTRALNI,NUKO
NEUTRALNI,NUKU
NEUTRALNI,NUKUNA
NEUTRALNI,NUKUNNGUASIK
NEUTRALNI,NULIARPAK
NEUTRALNI,NÚNE
NEUTRALNI,NUNNI
NEUTRALNI,NUNNII
NEUTRALNI,NUNNU
NEUTRALNI,NUNO
NEUTRALNI,NÚNO
NEUTRALNI,NÛNO *
NEUTRALNI,NÚR
NEUTRALNI,NUR
NEUTRALNI,NURHAN
NEUTRALNI,NURI
NEUTRALNI,NURKAN
NEUTRALNI,NURKUT
NEUTRALNI,NUS
NEUTRALNI,NUUNU
NEUTRALNI,NÜVIT
NEUTRALNI,NÜZHIT
NEUTRALNI,NYJAH
NEUTRALNI,OANH
NEUTRALNI,OBIORA
NEUTRALNI,ÖCEK
NEUTRALNI,OCKE
NEUTRALNI,OCTAVE
NEUTRALNI,ODE
NEUTRALNI,ODIEL
NEUTRALNI,ODINAKACHUKWU
NEUTRALNI,OEKE
NEUTRALNI,OELKE
NEUTRALNI,OFIR
NEUTRALNI,OFRI
NEUTRALNI,ÖGEDEY
NEUTRALNI,OGUBODI
NEUTRALNI,OGUGUA
NEUTRALNI,ÖGÜT
NEUTRALNI,OIVA
NEUTRALNI,OK
NEUTRALNI,OKE
NEUTRALNI,ÖKSÜZ
NEUTRALNI,OKULDAŞ
NEUTRALNI,OLA
NEUTRALNI,OLAMIDE
NEUTRALNI,OLARS
NEUTRALNI,ÖLÇEK
NEUTRALNI,ÖLÇÜM
NEUTRALNI,OLGARD
NEUTRALNI,OLIVE
NEUTRALNI,OLIVER
NEUTRALNI,OLKE
NEUTRALNI,ÖLKE
NEUTRALNI,OLLA
NEUTRALNI,OLLAS
NEUTRALNI,OLLI
NEUTRALNI,OLLIE
NEUTRALNI,OLLY
NEUTRALNI,ÖLMEZ
NEUTRALNI,ÖLMEZBEY
NEUTRALNI,ÖLÜS
NEUTRALNI,OMA
NEUTRALNI,OMEG
NEUTRALNI,OMER
NEUTRALNI,OMOBOLANLE
NEUTRALNI,ÖNAY
NEUTRALNI,ONERVA
NEUTRALNI,ÖNEY
NEUTRALNI,ONKE
NEUTRALNI,ONNEN
NEUTRALNI,ONNI
NEUTRALNI,ONNY
NEUTRALNI,ONON
NEUTRALNI,ONTJE
NEUTRALNI,ONYX
NEUTRALNI,OOPKE
NEUTRALNI,OOQUNA
NEUTRALNI,OPI
NEUTRALNI,OPRAH
NEUTRALNI,OQOOQUMMAAQ
NEUTRALNI,OQQAPIA
NEUTRALNI,OQUNA
NEUTRALNI,OR
NEUTRALNI,ORAKÇI
NEUTRALNI,ÖREN
NEUTRALNI,ORI
NEUTRALNI,ORIO
NEUTRALNI,ORION
NEUTRALNI,ORLA
NEUTRALNI,ORLIINA
NEUTRALNI,ORMAN
NEUTRALNI,ÖRNEK
NEUTRALNI,ORSINA
NEUTRALNI,ORTANCA
NEUTRALNI,OSAIBUEKU
NEUTRALNI,OSAKWE
NEUTRALNI,OSANNA
NEUTRALNI,OSKAY
NEUTRALNI,OSONDU
NEUTRALNI,OSSI
NEUTRALNI,OTA
NEUTRALNI,OTAÇI
NEUTRALNI,OTANCAK
NEUTRALNI,OTTA
NEUTRALNI,OTTI
NEUTRALNI,OY
NEUTRALNI,OYINDAMOLA
NEUTRALNI,OYNAK
NEUTRALNI,ÖZ
NEUTRALNI,OZ
NEUTRALNI,ÖZALTAN
NEUTRALNI,ÖZALTIN
NEUTRALNI,ÖZARI
NEUTRALNI,ÖZBAL
NEUTRALNI,ÖZBEK
NEUTRALNI,ÖZBIL
NEUTRALNI,ÖZBILEK
NEUTRALNI,ÖZBILEN
NEUTRALNI,ÖZBILGE
NEUTRALNI,ÖZCAN
NEUTRALNI,ÖZDAL
NEUTRALNI,ÖZDENER
NEUTRALNI,ÖZEN
NEUTRALNI,ÖZENLI
NEUTRALNI,ÖZENMIŞ
NEUTRALNI,ÖZGE
NEUTRALNI,ÖZGÜ
NEUTRALNI,ÖZGÜN
NEUTRALNI,ÖZGÜNAY
NEUTRALNI,ÖZLEM
NEUTRALNI,ÖZLER
NEUTRALNI,ÖZSEL
NEUTRALNI,ÖZSELEN
NEUTRALNI,ÖZSEVI
NEUTRALNI,ÖZSU
NEUTRALNI,ÖZÜN
NEUTRALNI,ÖZYURT
NEUTRALNI,PACE
NEUTRALNI,PACEY
NEUTRALNI,PADDY
NEUTRALNI,PADERAU
NEUTRALNI,PADMA
NEUTRALNI,PAGE
NEUTRALNI,PAJU
NEUTRALNI,PAK
NEUTRALNI,PAKCHA
NEUTRALNI,PAKKUTAQ
NEUTRALNI,PALLAS
NEUTRALNI,PALLEQ
NEUTRALNI,PALMI
NEUTRALNI,PALUT
NEUTRALNI,PAMI
NEUTRALNI,PANDA
NEUTRALNI,PANGNE
NEUTRALNI,PANNI
NEUTRALNI,PÁPE
NEUTRALNI,PAPPI
NEUTRALNI,PARIS
NEUTRALNI,PARLA
NEUTRALNI,PARLAK
NEUTRALNI,PARLAR
NEUTRALNI,PASCAL
NEUTRALNI,PASCHALIS
NEUTRALNI,PASCHE
NEUTRALNI,PAT
NEUTRALNI,PATAKA
NEUTRALNI,PATRICE
NEUTRALNI,PATSY
NEUTRALNI,PATTIE
NEUTRALNI,PATTY
NEUTRALNI,PAULIN
NEUTRALNI,PAVI
ZENA,PAVLA
NEUTRALNI,PAY
NEUTRALNI,PAYAN
NEUTRALNI,PAYE
NEUTRALNI,PAYIDAR
NEUTRALNI,PAYTON
NEUTRALNI,PE
NEUTRALNI,PEDRUS
NEUTRALNI,PEKKA
NEUTRALNI,PEKŞEN
NEUTRALNI,PELIN
NEUTRALNI,PELIT
NEUTRALNI,PELL
NEUTRALNI,PELLAS
NEUTRALNI,PELLE
NEUTRALNI,PENTECOST
NEUTRALNI,PEPI
NEUTRALNI,PEPPE
NEUTRALNI,PEPPI
NEUTRALNI,PEQILA
NEUTRALNI,PEQILAAQ
NEUTRALNI,PEQQI
NEUTRALNI,PEQQILAAQ
NEUTRALNI,PERÇEM
NEUTRALNI,PERHANS
NEUTRALNI,PERI
NEUTRALNI,PERIŞAN
NEUTRALNI,PEROLS
NEUTRALNI,PERPÉTUE
NEUTRALNI,PERRIN
NEUTRALNI,PERRY
NEUTRALNI,PERS
NEUTRALNI,PERTEV
NEUTRALNI,PERVANE
NEUTRALNI,PERVIZ
NEUTRALNI,PESEN
NEUTRALNI,PET
NEUTRALNI,PETA
NEUTRALNI,PETEK
NEUTRALNI,PETJA
NEUTRALNI,PETRI
NEUTRALNI,PETTERS
NEUTRALNI,PEYALE
NEUTRALNI,PEYTON
NEUTRALNI,PHAN
NEUTRALNI,PHIL
NEUTRALNI,PHILIPPE
NEUTRALNI,PHOENIX
NEUTRALNI,PHUA
NEUTRALNI,PHUONG
NEUTRALNI,PIE
NEUTRALNI,PIERKE
NEUTRALNI,PIERRE
NEUTRALNI,PIET
NEUTRALNI,PICHIN
NEUTRALNI,PIILANNAAT
NEUTRALNI,PIITANNAAT
NEUTRALNI,PIKE
NEUTRALNI,PIKKULUK
NEUTRALNI,PÍKULUK
NEUTRALNI,PILIKKAAQ
NEUTRALNI,PILO
NEUTRALNI,PILOQ
NEUTRALNI,PILOQQUTINNGUAQ
NEUTRALNI,PILOQUTINNGUAQ
NEUTRALNI,PILU
NEUTRALNI,PILUNGUAK
NEUTRALNI,PILUNGUAQ
NEUTRALNI,PILUNNGUAQ
NEUTRALNI,PILUTAK
NEUTRALNI,PILUTANNGUAQ
NEUTRALNI,PILUTAQ
NEUTRALNI,PINAR
NEUTRALNI,PIP
NEUTRALNI,PIPAR
NEUTRALNI,PISEERAJIK
NEUTRALNI,PITRIK
NEUTRALNI,PITSIALIK
NEUTRALNI,PIVIK
NEUTRALNI,PIVINNGUAQ
NEUTRALNI,PIXIE
NEUTRALNI,PLYM
NEUTRALNI,POE
NEUTRALNI,POL
NEUTRALNI,POLDE
NEUTRALNI,POLDI
NEUTRALNI,POLE
NEUTRALNI,POP
NEUTRALNI,POPKE
NEUTRALNI,POWELL
NEUTRALNI,PRECIOUS
NEUTRALNI,PREM
NEUTRALNI,PRESTHANS
NEUTRALNI,PUA
NEUTRALNI,PUAK
NEUTRALNI,PUALAKIUK
NEUTRALNI,PUCK
NEUTRALNI,PUIAQ
NEUTRALNI,PUKAQ
NEUTRALNI,PUNG
NEUTRALNI,PÜRÇEK
NEUTRALNI,PUTSE
NEUTRALNI,PUTSI
NEUTRALNI,PUUPI
NEUTRALNI,QAAMAQ
NEUTRALNI,QAAVIGAQ
NEUTRALNI,QAMAR
NEUTRALNI,QANAPPIK
NEUTRALNI,QARSOQ
NEUTRALNI,QAVAAVAK
NEUTRALNI,QEQQARMIU
NEUTRALNI,QIAJUNNGUAQ
NEUTRALNI,QIINNIANNGAAQ
NEUTRALNI,QILLALAANNGUAQ
NEUTRALNI,QILLALAAQ
NEUTRALNI,QIMIUNA
NEUTRALNI,QIPÍNGE
NEUTRALNI,QIPINNGI
NEUTRALNI,QITEQ
NEUTRALNI,QIU
NEUTRALNI,QIVIOQ
NEUTRALNI,QOOQA
NEUTRALNI,QUENTIN
NEUTRALNI,QUINN
NEUTRALNI,QUINTIN
NEUTRALNI,QUIRIEN
NEUTRALNI,QUNERNA
NEUTRALNI,QUNERSEEQ
NEUTRALNI,QUTSULUK
NEUTRALNI,QUTUK
NEUTRALNI,QUUIK
NEUTRALNI,QUY
NEUTRALNI,RABAH
NEUTRALNI,RAD
NEUTRALNI,RADIVUS
NEUTRALNI,RAE
NEUTRALNI,RAEL
NEUTRALNI,RAEL
NEUTRALNI,RAFAEL
NEUTRALNI,RAFAT
NEUTRALNI,RAFFAELE
NEUTRALNI,RAFFERTY
NEUTRALNI,RAFIA
NEUTRALNI,RAHMAT
NEUTRALNI,RAIKI
NEUTRALNI,RAIMU
NEUTRALNI,RAIN
NEUTRALNI,RAJA
NEUTRALNI,RAJAA
NEUTRALNI,RAJAB
NEUTRALNI,RAKIME
NEUTRALNI,RALG
NEUTRALNI,RAMA
NEUTRALNI,RAMADAN
NEUTRALNI,RAMANA
NEUTRALNI,RAMAZAN
NEUTRALNI,RAMU
NEUTRALNI,RAN
NEUTRALNI,RANDI
NEUTRALNI,RANDY
NEUTRALNI,RANNAR
MUZ,RAPHAEL
NEUTRALNI,RAVAOMANANTENA
NEUTRALNI,RAVEN
NEUTRALNI,RAY
NEUTRALNI,RAYAAN
NEUTRALNI,RAYAN
NEUTRALNI,RAYHAN
NEUTRALNI,RAYNE
NEUTRALNI,RAYYAN
NEUTRALNI,REAGAN
NEUTRALNI,RECEP
NEUTRALNI,REDA
NEUTRALNI,REE
NEUTRALNI,REES
NEUTRALNI,REESE
NEUTRALNI,REʼFET
NEUTRALNI,REFHAN
NEUTRALNI,REGAN
NEUTRALNI,REGGIE
NEUTRALNI,REGGY
NEUTRALNI,REHA
NEUTRALNI,REI
NEUTRALNI,REIMA
NEUTRALNI,REIN
NEUTRALNI,REINE
NEUTRALNI,REINKE
NEUTRALNI,REINSKE
NEUTRALNI,REINT
NEUTRALNI,REINTJE
NEUTRALNI,REINTSJE
NEUTRALNI,REIRA
NEUTRALNI,REMI
NEUTRALNI,RÉMI
NEUTRALNI,REMKE
NEUTRALNI,REMY
NEUTRALNI,REN
NEUTRALNI,RENAGI
NEUTRALNI,RENDEL
NEUTRALNI,RENE
NEUTRALNI,RENÉ
NEUTRALNI,RENJA
NEUTRALNI,RENKE
NEUTRALNI,RENS
NEUTRALNI,RENTJE
NEUTRALNI,RENTSJE
NEUTRALNI,REONA
NEUTRALNI,REPKE
NEUTRALNI,RES
NEUTRALNI,RESA
NEUTRALNI,REVAN
NEUTRALNI,REY
NEUTRALNI,REYES
NEUTRALNI,REYHAN
NEUTRALNI,RHONDDA
NEUTRALNI,RIA
NEUTRALNI,RIAN
NEUTRALNI,RICKEL
NEUTRALNI,RICKY
NEUTRALNI,RICO
NEUTRALNI,RIDA
NEUTRALNI,RIDVAN
NEUTRALNI,RIDWAN
NEUTRALNI,RIE
NEUTRALNI,RIEK
NEUTRALNI,RIEME
NEUTRALNI,RIEMK
NEUTRALNI,RIEMKE
NEUTRALNI,RIENTSJE
NEUTRALNI,RIET
NEUTRALNI,RIFAT
NEUTRALNI,RICHIE
NEUTRALNI,RIKE
NEUTRALNI,RIKEN
NEUTRALNI,RIKI
NEUTRALNI,RIKKE
NEUTRALNI,RIKO
NEUTRALNI,RIKST
NEUTRALNI,RIKU
NEUTRALNI,RILEY
NEUTRALNI,RIMKE
NEUTRALNI,RIN
NEUTRALNI,RINKE
NEUTRALNI,RINNE
NEUTRALNI,RIO
NEUTRALNI,RION
NEUTRALNI,RIS
NEUTRALNI,RITO
NEUTRALNI,RIVEN
NEUTRALNI,RIVER
NEUTRALNI,RIXT
NEUTRALNI,ROATSJE
NEUTRALNI,ROBBI
NEUTRALNI,ROBBIE
NEUTRALNI,ROBIN
NEUTRALNI,ROBYN
NEUTRALNI,RODE
NEUTRALNI,RODHE
NEUTRALNI,RODNY
NEUTRALNI,ROELKE
NEUTRALNI,ROELTJE
NEUTRALNI,ROHITA
NEUTRALNI,ROINE
NEUTRALNI,ROJ
NEUTRALNI,ROLLY
NEUTRALNI,ROMBO
NEUTRALNI,ROMKE
NEUTRALNI,ROMNEY
NEUTRALNI,RONG
NEUTRALNI,RONI
NEUTRALNI,RONNI
NEUTRALNI,RONNIE
NEUTRALNI,RONNY
NEUTRALNI,RONY
NEUTRALNI,ROO
NEUTRALNI,RORY
NEUTRALNI,ROS
NEUTRALNI,ROSAMOND
NEUTRALNI,ROSARIO
NEUTRALNI,ROSHAN
NEUTRALNI,ROTEM
NEUTRALNI,ROWAN
NEUTRALNI,ROWY
NEUTRALNI,ROXY
NEUTRALNI,RU
NEUTRALNI,RUA
NEUTRALNI,RUBAR
NEUTRALNI,RUBE
NEUTRALNI,RUBI
NEUTRALNI,RUBIA
NEUTRALNI,RUBIY
NEUTRALNI,RUBY
NEUTRALNI,RÜÇHAN
NEUTRALNI,RUDI
NEUTRALNI,RUF
NEUTRALNI,RUI
NEUTRALNI,RUKA
NEUTRALNI,RULKE
NEUTRALNI,RULL
NEUTRALNI,RULO
NEUTRALNI,RULU
NEUTRALNI,RULUK
NEUTRALNI,RUNA
NEUTRALNI,RUNE
NEUTRALNI,RUNFRIED
NEUTRALNI,RUNO
NEUTRALNI,RUO
NEUTRALNI,RUSHIA
NEUTRALNI,RUSTY
NEUTRALNI,RUU
NEUTRALNI,RYK
NEUTRALNI,RYPKE
NEUTRALNI,SAAMAQ
NEUTRALNI,SAAMIK
NEUTRALNI,SAAR
NEUTRALNI,SABA
NEUTRALNI,SÁBA
NEUTRALNI,SABAH
NEUTRALNI,SABE
NEUTRALNI,SABIN
NEUTRALNI,SABRIEL
NEUTRALNI,SABRIN
NEUTRALNI,SADA
NEUTRALNI,ŞADAN
NEUTRALNI,SADORANA
NEUTRALNI,SAEK
NEUTRALNI,SAFA
NEUTRALNI,SAFÁ
NEUTRALNI,SAFAA
NEUTRALNI,SAFFET
NEUTRALNI,SAFI
NEUTRALNI,SAGDIÇ
NEUTRALNI,SAGE
NEUTRALNI,SAGLIK
NEUTRALNI,SAH
NEUTRALNI,SAHAR
NEUTRALNI,SACHA
NEUTRALNI,SAID
NEUTRALNI,SAÏDJA *
NEUTRALNI,SAKARYA
NEUTRALNI,SAKU
NEUTRALNI,SAKUYA
NEUTRALNI,SAL
NEUTRALNI,SALAM
NEUTRALNI,SALAMA
NEUTRALNI,SALÁMA
NEUTRALNI,SALKA
NEUTRALNI,SALKAN
NEUTRALNI,SALLI
NEUTRALNI,SALLIE
NEUTRALNI,SALLY
NEUTRALNI,SALMAN
NEUTRALNI,SAM
NEUTRALNI,SAMAN
NEUTRALNI,SAMAR
NEUTRALNI,SAMAY
NEUTRALNI,SAMAYA
NEUTRALNI,SAMI
NEUTRALNI,SAMMY
NEUTRALNI,SAMUEL
NEUTRALNI,SAN
NEUTRALNI,SANA
NEUTRALNI,SANAY
NEUTRALNI,SANDIE
NEUTRALNI,SANDIPA
NEUTRALNI,SANDY
NEUTRALNI,SANI
NEUTRALNI,SANJA
NEUTRALNI,SANNE
NEUTRALNI,SANNY
NEUTRALNI,SANTE
NEUTRALNI,SAPPHIRE
NEUTRALNI,SAQQILAARTEQ
NEUTRALNI,SAQQUMMERSOQ
ZENA,SARA
NEUTRALNI,SARAN
NEUTRALNI,SARAS
NEUTRALNI,SARGIS
NEUTRALNI,SARI
NEUTRALNI,SARICA
NEUTRALNI,SARIYAH
NEUTRALNI,SARUCA
NEUTRALNI,SASHA
NEUTRALNI,SASCHA
NEUTRALNI,SAŠA
NEUTRALNI,SÁŠA
NEUTRALNI,SATORANA
NEUTRALNI,SATORINA
NEUTRALNI,SATSUKI
NEUTRALNI,SAUMIK
NEUTRALNI,SAVA
NEUTRALNI,SÁVA
NEUTRALNI,SAYA
NEUTRALNI,SAYGE
NEUTRALNI,SAYGI
NEUTRALNI,SAYGIN
NEUTRALNI,SAYGUN
NEUTRALNI,SAYILKAN
NEUTRALNI,SAYIN
NEUTRALNI,SAYLAV
NEUTRALNI,SAYRAN
NEUTRALNI,SEBA
NEUTRALNI,SEBASTIAN
NEUTRALNI,SEBASTIEN
NEUTRALNI,SEBE
NEUTRALNI,SEBIL
NEUTRALNI,SEBINA
NEUTRALNI,ŞECAAT
NEUTRALNI,SEÇKIN
NEUTRALNI,SEÇMEN
NEUTRALNI,SEDE
NEUTRALNI,SEEF
NEUTRALNI,SEEL
NEUTRALNI,SEFANIA
NEUTRALNI,SEFANJA
NEUTRALNI,ŞEHALEM
NEUTRALNI,ŞEKER
NEUTRALNI,SEL
NEUTRALNI,SELA
NEUTRALNI,SELCAN
NEUTRALNI,SELEN
NEUTRALNI,SELIŞIK
NEUTRALNI,SELLE
NEUTRALNI,SELOK
NEUTRALNI,SEMIDA
NEUTRALNI,SEMIRA
NEUTRALNI,SEMLIN
NEUTRALNI,SEMMY
NEUTRALNI,ŞEMSI
NEUTRALNI,ŞEN
NEUTRALNI,ŞENAL
NEUTRALNI,ŞENEL
NEUTRALNI,ŞENER
NEUTRALNI,ŞENGIL
NEUTRALNI,ŞENKAL
NEUTRALNI,SENNE
NEUTRALNI,SENNY
NEUTRALNI,SENS
NEUTRALNI,SEPKE
NEUTRALNI,SEQINEQ
NEUTRALNI,SEQUIN
NEUTRALNI,SERAF
NEUTRALNI,SERACH
NEUTRALNI,ŞEREF
NEUTRALNI,SERIM
NEUTRALNI,SERIN
NEUTRALNI,SERMET
NEUTRALNI,SERNY
NEUTRALNI,SERVET
NEUTRALNI,SET
NEUTRALNI,SETH
NEUTRALNI,SEVEN
NEUTRALNI,SEVGIM
NEUTRALNI,SEVIN
NEUTRALNI,SEVINÇ
NEUTRALNI,ŞEVKET
NEUTRALNI,ŞEYDA
NEUTRALNI,SEZEL
NEUTRALNI,SEZER
NEUTRALNI,SEZGEN
NEUTRALNI,SEZGINAY
NEUTRALNI,SEZIN
NEUTRALNI,SHADI
NEUTRALNI,SHAE
NEUTRALNI,SHAHAR
NEUTRALNI,SHAHIN
NEUTRALNI,SHAI
NEUTRALNI,SHAKED
NEUTRALNI,SHAKEEL
NEUTRALNI,SHAM
NEUTRALNI,SHAMS
NEUTRALNI,SHAMSHAD
NEUTRALNI,SHAMSI
NEUTRALNI,SHANE
NEUTRALNI,SHANNON
NEUTRALNI,SHARMAN
NEUTRALNI,SHARON
NEUTRALNI,SHAUN
NEUTRALNI,SHAWN
NEUTRALNI,SHAY
NEUTRALNI,SHEA
NEUTRALNI,SHEIKH
NEUTRALNI,SHELBY
NEUTRALNI,SHELDON
NEUTRALNI,SHELEY
NEUTRALNI,SHELLEY
NEUTRALNI,SHEN
NEUTRALNI,SHENG
NEUTRALNI,SHERIDAN
NEUTRALNI,SHIERU
NEUTRALNI,SHIG
NEUTRALNI,SHIKI
NEUTRALNI,SHILO
NEUTRALNI,SHINBA
NEUTRALNI,SHION
NEUTRALNI,SHIORI
NEUTRALNI,SHIR
NEUTRALNI,SHIRA
NEUTRALNI,SHIVA
NEUTRALNI,SHIZUKI
NEUTRALNI,SHUO
NEUTRALNI,SHURA
NEUTRALNI,SCHANI
NEUTRALNI,SCHAVIT
NEUTRALNI,SCHELOMIT
NEUTRALNI,SCHELOMITH
NEUTRALNI,SCHIR
NEUTRALNI,SCHURA
NEUTRALNI,SCHUYLER
NEUTRALNI,SIA
NEUTRALNI,SIALUK
NEUTRALNI,SIALUNNGUAQ
NEUTRALNI,SIBA
NEUTRALNI,SIBIL
NEUTRALNI,SIBLEY
NEUTRALNI,SIBRECHT
NEUTRALNI,SID
NEUTRALNI,SIDDHARTHA
NEUTRALNI,SIDIKI
NEUTRALNI,SIDNEY
NEUTRALNI,SIDNY
NEUTRALNI,SIENE
NEUTRALNI,SIEP
NEUTRALNI,SIERD
NEUTRALNI,SIES
NEUTRALNI,SIEUWKE
NEUTRALNI,SIF
NEUTRALNI,SIG
NEUTRALNI,SIGFRID
NEUTRALNI,SIGFRIDS
NEUTRALNI,SIGGI
NEUTRALNI,SIGI
NEUTRALNI,SIHI
NEUTRALNI,SILA
NEUTRALNI,SILEQAAVA
NEUTRALNI,SILEQAAVAT
NEUTRALNI,SILLA
NEUTRALNI,SILVAN
NEUTRALNI,SILVER
NEUTRALNI,SIMA
NEUTRALNI,SIMEN
NEUTRALNI,SIMCHA
NEUTRALNI,SIMKE
NEUTRALNI,SIMON
NEUTRALNI,SIMONE
NEUTRALNI,SIMRAN
NEUTRALNI,SINA
NEUTRALNI,SINAI
NEUTRALNI,SINE
NEUTRALNI,SINGH
NEUTRALNI,SINGIN
NEUTRALNI,SINNE
NEUTRALNI,SINNII
NEUTRALNI,SINNIISOQ
NEUTRALNI,SINNINGHE
NEUTRALNI,SIORAKITSOQ
NEUTRALNI,SIPKE
NEUTRALNI,SIRKE
NEUTRALNI,SIS
NEUTRALNI,SIUANA
NEUTRALNI,SIUVANA
NEUTRALNI,SIV
NEUTRALNI,SIVAN
NEUTRALNI,SIVE
NEUTRALNI,SJAAN
NEUTRALNI,SJO
NEUTRALNI,SJÖNS
NEUTRALNI,SJOUKE
NEUTRALNI,SJUR
NEUTRALNI,SJUTTI
NEUTRALNI,SKERI
NEUTRALNI,SKINNAR
NEUTRALNI,SKOGS
NEUTRALNI,SKOL
NEUTRALNI,SKOMMAR
NEUTRALNI,SKRÄDDAR
NEUTRALNI,SKY
NEUTRALNI,SKYE
NEUTRALNI,SKYLAR
NEUTRALNI,SKYLER
NEUTRALNI,SLANEY
NEUTRALNI,SLAVA
NEUTRALNI,SLÁVA
NEUTRALNI,SLY
NEUTRALNI,SMIDS
NEUTRALNI,SNÆ *
NEUTRALNI,SNÆFROST *
NEUTRALNI,SNICKAR
NEUTRALNI,SOA
NEUTRALNI,SOHAIR
NEUTRALNI,SOCHA
NEUTRALNI,SOINI
NEUTRALNI,SOINTU
NEUTRALNI,SOL
NEUTRALNI,SOMA
NEUTRALNI,SOMMAR
NEUTRALNI,SONA
NEUTRALNI,SONAM
NEUTRALNI,SONAY
NEUTRALNI,SÖNMEZ
NEUTRALNI,SONNIE
NEUTRALNI,SONNY
NEUTRALNI,SONSUZ
NEUTRALNI,SOQQAQ
NEUTRALNI,SORA
NEUTRALNI,SORDLAK
NEUTRALNI,SORLAK
NEUTRALNI,SORLANNGUAQ
NEUTRALNI,SORÚŠ
NEUTRALNI,SOUAD
NEUTRALNI,SÖZEN
NEUTRALNI,SPÄNNAR
NEUTRALNI,SPARF
NEUTRALNI,SPENCER
NEUTRALNI,SPES
NEUTRALNI,SPJUT
NEUTRALNI,STACEY
NEUTRALNI,STACY
NEUTRALNI,STANJA
NEUTRALNI,STANS
NEUTRALNI,STAR
NEUTRALNI,STASE
NEUTRALNI,STASL
NEUTRALNI,STEFFERL
NEUTRALNI,STEPHANE
NEUTRALNI,STÉPHANE
NEUTRALNI,STEVIE
NEUTRALNI,STICKO
NEUTRALNI,STIEN
NEUTRALNI,STIJN
NEUTRALNI,STOR
NEUTRALNI,STORM
NEUTRALNI,SU
NEUTRALNI,SUAA
NEUTRALNI,SUAD
NEUTRALNI,SUAT
NEUTRALNI,SUDÁMÁ
NEUTRALNI,SUHAD
NEUTRALNI,SUHR
NEUTRALNI,SUIAQ
NEUTRALNI,SUJUANA
NEUTRALNI,SUJUVANA
NEUTRALNI,SUKAI
NEUTRALNI,ŞÜKRAN
NEUTRALNI,SULAMITH
NEUTRALNI,SULEVI
NEUTRALNI,SULO
NEUTRALNI,SULTAN
NEUTRALNI,SUMAANAAQ
NEUTRALNI,SUMAANNAAQ
NEUTRALNI,SUMER
NEUTRALNI,SÜMER
NEUTRALNI,SUN
NEUTRALNI,SUNA
NEUTRALNI,SUNAANAAQ
NEUTRALNI,SUNAL
NEUTRALNI,SUNAR
NEUTRALNI,SUNAVANA
NEUTRALNI,ŞUNGAR
NEUTRALNI,SUNGUR
NEUTRALNI,SUNKA
NEUTRALNI,SUNKE
NEUTRALNI,SÜNKE
NEUTRALNI,SUNNY
NEUTRALNI,SUNTJE
NEUTRALNI,SÜNTJE
NEUTRALNI,SUNTKE
NEUTRALNI,SÜPPÜ
NEUTRALNI,SÜREYYA
NEUTRALNI,SURGA
NEUTRALNI,SUSI
NEUTRALNI,SUSKE
NEUTRALNI,SÜSTER
NEUTRALNI,SUSUS
NEUTRALNI,SUTTUITSEQ
NEUTRALNI,SUUS
NEUTRALNI,SUZON
NEUTRALNI,SVARVAR
NEUTRALNI,SVÄS
NEUTRALNI,SVEN
NEUTRALNI,SVERD
NEUTRALNI,SWEDER
NEUTRALNI,SWEER
NEUTRALNI,SWENNE
NEUTRALNI,SWIER
NEUTRALNI,SYDNEY
NEUTRALNI,SYKA
NEUTRALNI,SYKSY
NEUTRALNI,SYLV
NEUTRALNI,SYLVIE
NEUTRALNI,SYREN
NEUTRALNI,SYS
NEUTRALNI,SYSTER
NEUTRALNI,ŠÁDÍ
NEUTRALNI,ŠAMS
NEUTRALNI,ŠUREN
NEUTRALNI,TAC
NEUTRALNI,TAÇ
NEUTRALNI,TADE
NEUTRALNI,TAEIKE
NEUTRALNI,TAEPKE
NEUTRALNI,TAFLAN
NEUTRALNI,TÄGT
NEUTRALNI,TAHOE
NEUTRALNI,TAHSIN
NEUTRALNI,TAIGA
NEUTRALNI,TAICHI
NEUTRALNI,TAIT
NEUTRALNI,TAJ
NEUTRALNI,TAJAQ
NEUTRALNI,TAL
NEUTRALNI,TALA
NEUTRALNI,TALAT
NEUTRALNI,TALE
NEUTRALNI,TALKE
NEUTRALNI,TALLY
NEUTRALNI,TALON
NEUTRALNI,TALVI
NEUTRALNI,TAM
NEUTRALNI,TAMI
NEUTRALNI,TAMMUS
NEUTRALNI,TAMMY
NEUTRALNI,TAMY
NEUTRALNI,TAN
NEUTRALNI,TANAL
NEUTRALNI,TANALTAN
NEUTRALNI,TANE
NEUTRALNI,TANGÜL
NEUTRALNI,TANGÜLÜ
NEUTRALNI,TANGÜN
NEUTRALNI,TANMAN
NEUTRALNI,TANYA
NEUTRALNI,TANYEL
NEUTRALNI,TANYELI
NEUTRALNI,TANYILDIZ
NEUTRALNI,TAO
NEUTRALNI,TAORANA
NEUTRALNI,TÄPP
NEUTRALNI,TAPTAL
NEUTRALNI,TAQQISIMA
NEUTRALNI,TAQQISIMAT
NEUTRALNI,TARA
NEUTRALNI,TARATSE
NEUTRALNI,TARATSI
NEUTRALNI,TARHUN
NEUTRALNI,TARIM
NEUTRALNI,TARU
NEUTRALNI,TASNEEM
NEUTRALNI,TASNIM
NEUTRALNI,TASSUANA
NEUTRALNI,TATA
NEUTRALNI,TATE
NEUTRALNI,TAVE
NEUTRALNI,TAVI
NEUTRALNI,TAVLI
NEUTRALNI,TAVSSUANA
NEUTRALNI,TAVUS
NEUTRALNI,TAVUŞ
NEUTRALNI,TAVY
NEUTRALNI,TAYLAN
NEUTRALNI,TAYLER
NEUTRALNI,TAYLOR
NEUTRALNI,TAYM
NEUTRALNI,TAYO
NEUTRALNI,TEAGAN
NEUTRALNI,TEBBE
NEUTRALNI,TECIM
NEUTRALNI,TED
NEUTRALNI,TEDDE
NEUTRALNI,TEDDY
NEUTRALNI,TEDE
NEUTRALNI,TEEGAN
NEUTRALNI,TEELE
NEUTRALNI,TEELKE
NEUTRALNI,TEETJE
NEUTRALNI,TEK
NEUTRALNI,TEKÇE
NEUTRALNI,TELMAÇ
NEUTRALNI,TEMILADE
NEUTRALNI,TEMPEST
NEUTRALNI,TENGIZ
NEUTRALNI,TENN
NEUTRALNI,TEO
NEUTRALNI,TEPE
NEUTRALNI,TEREK
NEUTRALNI,TERI
NEUTRALNI,TERRY
NEUTRALNI,TET
NEUTRALNI,TETE
NEUTRALNI,TETJE
NEUTRALNI,TETTE
NEUTRALNI,TEUN
NEUTRALNI,TEZCAN
NEUTRALNI,TEZCANLI
NEUTRALNI,TEZEL
NEUTRALNI,TEZELLI
NEUTRALNI,TEZER
NEUTRALNI,TEZKAN
NEUTRALNI,THAIS
NEUTRALNI,THAL
NEUTRALNI,THALE
NEUTRALNI,THAN
NEUTRALNI,THANH
NEUTRALNI,THAO
NEUTRALNI,THEA
NEUTRALNI,THEDE
NEUTRALNI,THEO
NEUTRALNI,THEODORE
NEUTRALNI,THÉODORE
NEUTRALNI,THEODOSIE
NEUTRALNI,THEODULE
NEUTRALNI,THERES
NEUTRALNI,THIEN
NEUTRALNI,THOMA
NEUTRALNI,THONNY
NEUTRALNI,THOR
NEUTRALNI,THORA
NEUTRALNI,THU
NEUTRALNI,TI
NEUTRALNI,TIAN
NEUTRALNI,TIARTIKKU
NEUTRALNI,TIARTÍKO
NEUTRALNI,TIBBIE
NEUTRALNI,TIBE
NEUTRALNI,TIEJE
NEUTRALNI,TIEKE
NEUTRALNI,TIEN
NEUTRALNI,TIERNEY
NEUTRALNI,TIERRA
NEUTRALNI,TIETE
NEUTRALNI,TIETJE
NEUTRALNI,TIGER
NEUTRALNI,TIKAAJAAT
NEUTRALNI,TILG
NEUTRALNI,TILIAQ
NEUTRALNI,TILIOQ
NEUTRALNI,TILIUNNGUAQ
NEUTRALNI,TILLY
NEUTRALNI,TIMO
NEUTRALNI,TIMOTEI
NEUTRALNI,TITE
NEUTRALNI,TITIZ
NEUTRALNI,TJADE
NEUTRALNI,TJARDA
NEUTRALNI,TJARDE
NEUTRALNI,TJIPKE
NEUTRALNI,TJORVEN
NEUTRALNI,TO
NEUTRALNI,TOA
NEUTRALNI,TOBI
NEUTRALNI,TOBIA
NEUTRALNI,TOBIA
NEUTRALNI,TOBIAS
NEUTRALNI,TOBIE
NEUTRALNI,TOBIJA
NEUTRALNI,TOBY
NEUTRALNI,TOBYAS
NEUTRALNI,TOINNON
NEUTRALNI,TOINY
NEUTRALNI,TOKA
NEUTRALNI,TOKE
NEUTRALNI,TOLA
NEUTRALNI,TOLDE
NEUTRALNI,TOM
NEUTRALNI,TOMA
NEUTRALNI,TOMER
NEUTRALNI,TOMI
NEUTRALNI,TOMKE
NEUTRALNI,TOMMOS
NEUTRALNI,TOMMY
NEUTRALNI,TOMS
NEUTRALNI,TOMT
NEUTRALNI,TOMY
NEUTRALNI,TÖNA
NEUTRALNI,TONE
NEUTRALNI,TONERL
NEUTRALNI,TONGER
NEUTRALNI,TONI
NEUTRALNI,TONIE
NEUTRALNI,TONKE
NEUTRALNI,TONNI
NEUTRALNI,TONNY
NEUTRALNI,TONS
NEUTRALNI,TONY
NEUTRALNI,TOPAY
NEUTRALNI,TOPAZ
NEUTRALNI,TORAGAN
NEUTRALNI,TORAN
NEUTRALNI,TORBORG
NEUTRALNI,TORE
NEUTRALNI,TÖRE
NEUTRALNI,TORFRID
NEUTRALNI,TORGNY
NEUTRALNI,TORILD
NEUTRALNI,TORIS
NEUTRALNI,TORNGE
NEUTRALNI,TORNGI
NEUTRALNI,TORNY
NEUTRALNI,TORP
NEUTRALNI,TORRES
NEUTRALNI,TORS
NEUTRALNI,TORUN
NEUTRALNI,TORY
NEUTRALNI,TOSHI
NEUTRALNI,TOVE
NEUTRALNI,TOWA
NEUTRALNI,TOY
NEUTRALNI,TRACEY
NEUTRALNI,TRACY
NEUTRALNI,TRANG
NEUTRALNI,TRAPP
NEUTRALNI,TRINH
NEUTRALNI,TRINI
NEUTRALNI,TRINIDAD
NEUTRALNI,TRIS
NEUTRALNI,TROS
NEUTRALNI,TROY
NEUTRALNI,TRUI
NEUTRALNI,TSJAKKE
NEUTRALNI,TSJIETS
NEUTRALNI,TSJIETSE
NEUTRALNI,TSJIETSJE
NEUTRALNI,TSJIMKE
NEUTRALNI,TSJIP
NEUTRALNI,TSJISSE
NEUTRALNI,TSJITS
NEUTRALNI,TSUBAKI
NEUTRALNI,TSUBASA
NEUTRALNI,TU
NEUTRALNI,TUA
NEUTRALNI,TUAN
NEUTRALNI,TUAPAK
NEUTRALNI,TUCKER
NEUTRALNI,TUE
NEUTRALNI,TUI
NEUTRALNI,TUINNGUAQ
NEUTRALNI,TUISKU
NEUTRALNI,TUKUMA
NEUTRALNI,TUKUMAQ
NEUTRALNI,TUL
NEUTRALNI,TULI
NEUTRALNI,TULLY
NEUTRALNI,TÜLÜ
NEUTRALNI,TÜMBAY
NEUTRALNI,TÜMCAN
NEUTRALNI,TÜMEK
NEUTRALNI,TÜN
NEUTRALNI,TUNAM
NEUTRALNI,TÜNAY
NEUTRALNI,TÜNAYDIN
NEUTRALNI,TUNG
NEUTRALNI,TUNGUTSIIAQ
NEUTRALNI,TUOVI
NEUTRALNI,TURA
NEUTRALNI,TURAÇ
NEUTRALNI,TURAN
NEUTRALNI,TURE
NEUTRALNI,TÜRE
NEUTRALNI,TURFANDA
NEUTRALNI,TURGAY
NEUTRALNI,TURHAN
NEUTRALNI,TÜRKAY
NEUTRALNI,TURNAGÖZÜ
NEUTRALNI,TUTKUN
NEUTRALNI,TUTMAÇ
NEUTRALNI,TUTUK
NEUTRALNI,TUUA
NEUTRALNI,TUUKKAQ
NEUTRALNI,TUUKULA
NEUTRALNI,TUYET
NEUTRALNI,TÜZE
NEUTRALNI,TÜZÜN
NEUTRALNI,TWAVENA
NEUTRALNI,TYDFIL
NEUTRALNI,TYLER
NEUTRALNI,TYLOR
NEUTRALNI,TYRESE
NEUTRALNI,TYSK
NEUTRALNI,TYSKE
NEUTRALNI,UBBA
NEUTRALNI,UBBE
NEUTRALNI,UBENA
NEUTRALNI,UÇAK
NEUTRALNI,UÇAY
NEUTRALNI,ÜÇEL
NEUTRALNI,ÜÇIŞIK
NEUTRALNI,ÜÇKÖK
NEUTRALNI,UÇMAKKUŞU
NEUTRALNI,UCUK
NEUTRALNI,UÇUK
NEUTRALNI,UDE
NEUTRALNI,UDOCHI
NEUTRALNI,UERANA
NEUTRALNI,UFUK
NEUTRALNI,UGUR
NEUTRALNI,UGURLU
NEUTRALNI,UGUŞ
NEUTRALNI,UI
NEUTRALNI,UILULAQ
NEUTRALNI,UITSALIKITSEQ
NEUTRALNI,UJARAK
NEUTRALNI,UJARNEQ
NEUTRALNI,UKA
NEUTRALNI,UKALEQ
NEUTRALNI,UKALIUSE
NEUTRALNI,UKALIUSI
NEUTRALNI,UKARRA
NEUTRALNI,UKE
NEUTRALNI,ÜKE
NEUTRALNI,UKKAQ
NEUTRALNI,UKKE
NEUTRALNI,ULAAJUK
NEUTRALNI,ULANNAQ
NEUTRALNI,ULCA
NEUTRALNI,ÜLCAN
NEUTRALNI,ULI
NEUTRALNI,ÜLKAN
NEUTRALNI,ÜLKE
NEUTRALNI,ÜLKEM
NEUTRALNI,ÜLKÜ
NEUTRALNI,ÜLKÜCÜ
NEUTRALNI,ÜLKÜDEŞ
NEUTRALNI,ÜLKÜLÜ
NEUTRALNI,ULLA
NEUTRALNI,ULLE
NEUTRALNI,ULLI
NEUTRALNI,ULULIK
NEUTRALNI,ULUS
NEUTRALNI,ULUSAL
NEUTRALNI,UMA
NEUTRALNI,UMAAMAAQ
NEUTRALNI,UMAAMII
NEUTRALNI,UMAÇ
NEUTRALNI,UMDU
NEUTRALNI,UMEERINNEQ
NEUTRALNI,UMI
NEUTRALNI,UMIAQ
NEUTRALNI,UMIK
NEUTRALNI,UMRAN
NEUTRALNI,ÜMRAN
NEUTRALNI,UMUT
NEUTRALNI,UMUTLU
NEUTRALNI,UNARSI
NEUTRALNI,UNATHI
NEUTRALNI,ÜNAY
NEUTRALNI,UNEKE
NEUTRALNI,UNGAAJA
NEUTRALNI,UNGAAQ
NEUTRALNI,ÜNLEM
NEUTRALNI,ÜNLÜ
NEUTRALNI,UNNGOQ
NEUTRALNI,UNNI
NEUTRALNI,ÜNSAL
NEUTRALNI,ÜNSAY
NEUTRALNI,UR
NEUTRALNI,URAN
NEUTRALNI,URE
NEUTRALNI,URIA
NEUTRALNI,URIELE
NEUTRALNI,ÜRNEK
NEUTRALNI,URSEL
NEUTRALNI,ÜRÜN
NEUTRALNI,ÜRÜNAY
NEUTRALNI,USINNA
NEUTRALNI,USIVNA
NEUTRALNI,USLU
NEUTRALNI,USORNAQ
NEUTRALNI,ÜSTÜN
NEUTRALNI,UTA
NEUTRALNI,UTAN
NEUTRALNI,UTE
NEUTRALNI,UTERTOQ
NEUTRALNI,UTERTUNNGUAQ
NEUTRALNI,UTKU
NEUTRALNI,UTU
NEUTRALNI,UTUÁNGE
NEUTRALNI,UUNNGUUNIA
NEUTRALNI,UUTTUANNGI
NEUTRALNI,UYSAL
NEUTRALNI,UZAY
NEUTRALNI,ÜZEN
NEUTRALNI,UZOMA
NEUTRALNI,ÜZÜM
NEUTRALNI,VAINO
NEUTRALNI,VAL
NEUTRALNI,VÂLÂ
NEUTRALNI,VALDIS
NEUTRALNI,VALENT
NEUTRALNI,VALENTINE
NEUTRALNI,VALERI
NEUTRALNI,VALERIE
NEUTRALNI,VALERY
NEUTRALNI,VALFRID
NEUTRALNI,VALI
NEUTRALNI,VALLIS
NEUTRALNI,VALLMO
NEUTRALNI,VALLY
NEUTRALNI,VAN
NEUTRALNI,VANIA
NEUTRALNI,VANJA
NEUTRALNI,VANNI
NEUTRALNI,VARMA
NEUTRALNI,VECDET
NEUTRALNI,VEFA
NEUTRALNI,VEFI
NEUTRALNI,VEINO
NEUTRALNI,VEINY
NEUTRALNI,VESTERGAARD
NEUTRALNI,VIC
NEUTRALNI,VICKY
NEUTRALNI,VIDA
NEUTRALNI,VIEN
NEUTRALNI,VIENO
NEUTRALNI,VIET
NEUTRALNI,VIK
NEUTRALNI,VIKI
NEUTRALNI,VILBORG
NEUTRALNI,VILDAN
NEUTRALNI,VILIA
NEUTRALNI,VILJA
NEUTRALNI,VILLE
NEUTRALNI,VILLE
NEUTRALNI,VILLI
NEUTRALNI,VILLIBLÓM
NEUTRALNI,VILLIE
NEUTRALNI,VILLILJÓS
NEUTRALNI,VILLIS
NEUTRALNI,VILLY
NEUTRALNI,VIN
MUZ,VINCENT
NEUTRALNI,VINH
NEUTRALNI,VINNIE
NEUTRALNI,VINNY
NEUTRALNI,VÍS
NEUTRALNI,VITALIE
NEUTRALNI,VITO
NEUTRALNI,VIV
NEUTRALNI,VIVE
NEUTRALNI,VIVIAN
NEUTRALNI,VIVIEN
NEUTRALNI,VLADA
NEUTRALNI,VLASTA
NEUTRALNI,VU
NEUTRALNI,VUONG
NEUTRALNI,VÝRIN
NEUTRALNI,VYVYAN
NEUTRALNI,WABBE
NEUTRALNI,WABE
NEUTRALNI,WALA
NEUTRALNI,WALLI
NEUTRALNI,WALLIS
NEUTRALNI,WALLY
NEUTRALNI,WALTJE
NEUTRALNI,WAN
NEUTRALNI,WANJA
NEUTRALNI,WARDA
NEUTRALNI,WARDAH
NEUTRALNI,WASJA
NEUTRALNI,WAYAN
NEUTRALNI,WEDA
NEUTRALNI,WEDE
NEUTRALNI,WEEKE
NEUTRALNI,WEI
NEUTRALNI,WEIKE
NEUTRALNI,WEMKE
NEUTRALNI,WEN
NEUTRALNI,WENDEL
NEUTRALNI,WENDY
NEUTRALNI,WESKE
NEUTRALNI,WIBBE
NEUTRALNI,WIDE
NEUTRALNI,WIEBE
NEUTRALNI,WIEBKE
NEUTRALNI,WIEK
NEUTRALNI,WIEKE
NEUTRALNI,WIEN
NEUTRALNI,WIENKE
NEUTRALNI,WIEPKE
NEUTRALNI,WIETSE
NEUTRALNI,WIGEL
NEUTRALNI,WIGGE
NEUTRALNI,WIGGEL
NEUTRALNI,WIL
NEUTRALNI,WILL
MUZ,WILLIAM
NEUTRALNI,WILLIE
NEUTRALNI,WILLIS
NEUTRALNI,WILLY
NEUTRALNI,WILMOT
NEUTRALNI,WILMUT
NEUTRALNI,WIMKE
NEUTRALNI,WIN
NEUTRALNI,WINEKE
NEUTRALNI,WINFRED
NEUTRALNI,WINIFRED
NEUTRALNI,WINIFRIED
NEUTRALNI,WINNE
NEUTRALNI,WINNIE
NEUTRALNI,WINTHER
NEUTRALNI,WITTA
NEUTRALNI,WOLKE
NEUTRALNI,WOLTJE
NEUTRALNI,WREN
NEUTRALNI,WUBKE
NEUTRALNI,WYN
NEUTRALNI,WYNN
NEUTRALNI,WYNNE
NEUTRALNI,XIAODAN
NEUTRALNI,XUAN
NEUTRALNI,YACINE
NEUTRALNI,YADA
NEUTRALNI,YAEL
NEUTRALNI,YAGIBASTI
NEUTRALNI,YAGIŞ
NEUTRALNI,YAGMUR
NEUTRALNI,YAKALI
NEUTRALNI,YALAV
NEUTRALNI,YALAZA
NEUTRALNI,YAMAN
NEUTRALNI,YARAŞIK
NEUTRALNI,YARDEN
NEUTRALNI,YAREN
NEUTRALNI,YARKIN
NEUTRALNI,YARLIK
NEUTRALNI,YARPU
NEUTRALNI,YASA
NEUTRALNI,YAŞA
NEUTRALNI,YAŞAM
NEUTRALNI,YASAN
NEUTRALNI,YASEMIN
NEUTRALNI,YAŞIK
NEUTRALNI,YAŞIN
NEUTRALNI,YASUN
NEUTRALNI,YATUK
NEUTRALNI,YAVUK
NEUTRALNI,YAYLA
NEUTRALNI,YEDIVEREN
NEUTRALNI,YEGEN
NEUTRALNI,YEKTÂ
NEUTRALNI,YELDEM
NEUTRALNI,YEN
NEUTRALNI,YENISEY
NEUTRALNI,YETER
NEUTRALNI,YETIK
NEUTRALNI,YI
NEUTRALNI,YILDIZ
NEUTRALNI,YIRKA
NEUTRALNI,YMKE
NEUTRALNI,YN
NEUTRALNI,YNSKE
NEUTRALNI,YNYR
NEUTRALNI,YOLA
NEUTRALNI,YOMA
NEUTRALNI,YONA
NEUTRALNI,YÖNAL
NEUTRALNI,YONCA
NEUTRALNI,YONY
NEUTRALNI,YORI
NEUTRALNI,YOSHA
NEUTRALNI,YOSHI
NEUTRALNI,YPKE
NEUTRALNI,YSK
NEUTRALNI,YSKE
NEUTRALNI,YU
NEUTRALNI,YUCA
NEUTRALNI,YÜCE
NEUTRALNI,YÜCEL
NEUTRALNI,YUI
NEUTRALNI,YUKI
NEUTRALNI,YUKIA
NEUTRALNI,YÜKSEL
NEUTRALNI,YUMA
NEUTRALNI,YUME
NEUTRALNI,YUNDA
NEUTRALNI,YURA
NEUTRALNI,YURDAAY
NEUTRALNI,YURDAKUL
NEUTRALNI,YURI
NEUTRALNI,YURTKULU
NEUTRALNI,YURTSAL
NEUTRALNI,YURTSAY
NEUTRALNI,YURTSEV
NEUTRALNI,YURTSEVEN
NEUTRALNI,YUSHENG
NEUTRALNI,YUTI
NEUTRALNI,YUVA
NEUTRALNI,YUVAL
NEUTRALNI,YÜZEY
NEUTRALNI,YÜZGEÇ
NEUTRALNI,YÜZÜAK
NEUTRALNI,YUZUKI
NEUTRALNI,YVAN
NEUTRALNI,YVES
NEUTRALNI,YVON
NEUTRALNI,ZAFAR
NEUTRALNI,ZAI
NEUTRALNI,ZAID
NEUTRALNI,ZAIN
NEUTRALNI,ZAINAB
NEUTRALNI,ZAKI
NEUTRALNI,ZAYN
NEUTRALNI,ZAYNAB
NEUTRALNI,ZEA
NEUTRALNI,ZEFANIA
NEUTRALNI,ZELAL
NEUTRALNI,ZEN
NEUTRALNI,ZENIT
NEUTRALNI,ZENITH
NEUTRALNI,ZENZ
NEUTRALNI,ZENZEL
NEUTRALNI,ZENZI
NEUTRALNI,ZEPHANIA
NEUTRALNI,ZERNY
NEUTRALNI,ZHAN
NEUTRALNI,ZHONG
NEUTRALNI,ZIA
NEUTRALNI,ZIBA
NEUTRALNI,ZINEB
NEUTRALNI,ZINNUR
NEUTRALNI,ZIV
NEUTRALNI,ZIYA
NEUTRALNI,ZOE
NEUTRALNI,ZOHAR
NEUTRALNI,ZOLA
NEUTRALNI,ZONG
NEUTRALNI,ZOSIMA
NEUTRALNI,ZÜLFIYAR
NEUTRALNI,ZUMA
